t,o,h,l,c,v
1727740800,152.46,154.3,151.46,154.14,35523
1727744400,154.1,154.69,153.91,154.33,15988
1727748000,154.29,154.3,152.97,153.86,10719
1727751600,153.86,155.21,153.76,155.01,14340
1727755200,155.05,155.82,154.75,155.68,12900
1727758800,155.73,155.74,154.97,155.4,20464
1727762400,155.4,157.13,155.39,156.8,16543
1727766000,156.79,156.91,156.09,156.75,18733
1727769600,156.78,156.9,155.94,156.3,9587
1727773200,156.32,157.26,156.19,156.8,9047
1727776800,156.79,157.22,156.45,157.04,13013
1727780400,157.06,157.27,156.42,156.47,12923
1727784000,156.46,156.64,155.78,156.08,16096
1727787600,156.06,156.14,152.3,153.71,95937
1727791200,153.69,154.5,150.45,150.8,92079
1727794800,150.8,151.07,145.88,149.53,168703
1727798400,149.54,149.96,146.51,148.51,71001
1727802000,148.4,148.41,142.45,147.6,145850
1727805600,147.53,149.37,146.68,147.3,51654
1727809200,147.25,147.72,145.15,145.35,22353
1727812800,145.34,145.93,142.12,145.08,95069
1727816400,144.96,146.32,144.11,146.16,20712
1727820000,146.18,146.18,143.72,144.57,30816
1727823600,144.6,145.37,144.05,145.08,14663
1727827200,145.06,145.51,143.39,144.44,53110
1727830800,144.46,146.2,144.24,146.11,37270
1727834400,146.09,147.29,145.64,147.24,18246
1727838000,147.22,147.95,146.99,147.15,13147
1727841600,147.1,147.14,146.38,146.57,14368
1727845200,146.59,147.06,146.13,146.6,10989
1727848800,146.61,148.85,146.26,148.28,47667
1727852400,148.31,148.64,147.55,147.67,21815
1727856000,147.66,148.36,147.07,147.91,15474
1727859600,147.91,148.06,145.7,145.9,25838
1727863200,145.95,147.21,145.61,145.71,18771
1727866800,145.7,146.68,145.1,146.03,24827
1727870400,146.06,146.1,143.59,143.9,44754
1727874000,143.91,146.23,142.68,145.86,58653
1727877600,145.9,146.91,145.01,145.2,38670
1727881200,145.21,147.58,145.12,147.41,31040
1727884800,147.37,148.34,145.88,145.95,31065
1727888400,145.93,146.26,144.7,145.7,20910
1727892000,145.62,145.77,142,142.17,38248
1727895600,142.21,142.78,138.5,139.92,109128
1727899200,139.95,141.53,138.54,140.73,33951
1727902800,140.72,141.45,139.65,140.73,12639
1727906400,140.7,141.47,139.3,141.46,14617
1727910000,141.48,141.61,140.13,140.15,15629
1727913600,140.11,141.33,138.63,140.72,52825
1727917200,140.61,142.08,140.53,141.32,46344
1727920800,141.32,142.35,140.98,141.94,19310
1727924400,141.93,142.86,141.64,142.8,27259
1727928000,142.79,142.79,141.72,141.98,10564
1727931600,142.02,142.23,140.84,141.2,14172
1727935200,141.16,142.16,140.95,141.56,17766
1727938800,141.57,142.03,139.75,139.8,19699
1727942400,139.8,139.98,135.71,136.04,100850
1727946000,136.01,137.6,135.13,137.26,48427
1727949600,137.23,138.17,136.65,138.17,18129
1727953200,138.19,138.4,136.71,136.75,15621
1727956800,136.75,136.89,135.21,136.07,47624
1727960400,136.03,137.28,134.36,136.88,65971
1727964000,136.9,138.44,134.54,134.7,68111
1727967600,134.75,136.01,132.96,135.51,59433
1727971200,135.5,136.58,133.58,135,32435
1727974800,134.93,136.65,133.98,135.89,23358
1727978400,135.88,136.87,135.09,136,11774
1727982000,135.97,137.37,135.36,137.32,11209
1727985600,137.27,137.78,135.88,135.95,15324
1727989200,135.94,137.18,135.19,137.07,9575
1727992800,137.03,137.37,136.3,136.81,18389
1727996400,136.9,137.36,135.84,136.7,14056
1728000000,136.69,137.33,135.85,135.89,10944
1728003600,135.89,138.58,135.88,138.06,30825
1728007200,138.1,138.32,137.17,137.49,16835
1728010800,137.51,137.58,136.7,137.26,15347
1728014400,137.26,138.27,137.26,137.61,17720
1728018000,137.67,139.39,137.51,139.24,32863
1728021600,139.18,139.58,138.25,138.4,17140
1728025200,138.39,139.68,138.18,139.44,16113
1728028800,139.42,140.94,139.14,139.93,43549
1728032400,139.92,140.47,139.45,139.67,31717
1728036000,139.66,140.22,139.06,139.36,10640
1728039600,139.38,140.14,139.33,140.04,13103
1728043200,140.09,142.24,139.1,142.2,63415
1728046800,142.21,142.57,140.33,141.04,65484
1728050400,141.04,141.11,138.03,139.8,54691
1728054000,139.74,142.49,139.74,142.32,39198
1728057600,142.36,144.33,141.74,143.78,48526
1728061200,143.71,143.94,142.47,142.72,16752
1728064800,142.72,143.83,142.25,143.82,12539
1728068400,143.83,144.45,143.43,143.8,16834
1728072000,143.81,143.88,142.73,143.61,14713
1728075600,143.61,144.47,143.21,143.47,9722
1728079200,143.49,143.67,142.51,142.85,18682
1728082800,142.86,143.17,142.51,143.06,7171
1728086400,143.2,143.96,143.01,143.96,11020
1728090000,143.95,143.97,142.82,143.52,20174
1728093600,143.48,143.67,142.22,142.31,17905
1728097200,142.29,142.33,141.61,141.76,18627
1728100800,141.75,142.7,141.49,142.28,8818
1728104400,142.32,143.51,142.26,143.47,7320
1728108000,143.43,144.35,143.03,144.23,16323
1728111600,144.27,144.45,143.68,143.71,11493
1728115200,143.73,144.85,143.65,144.4,15155
1728118800,144.42,144.79,144.33,144.67,6871
1728122400,144.6,144.62,143.8,143.93,7174
1728126000,143.91,144.15,143.24,143.37,6427
1728129600,143.39,144.02,143.31,144.02,5836
1728133200,144.04,144.1,142.68,142.72,14811
1728136800,142.73,143.46,142.43,143.08,14551
1728140400,143.12,143.27,142.48,142.84,5457
1728144000,142.8,142.92,142.06,142.15,9631
1728147600,142.16,142.79,142.06,142.6,4250
1728151200,142.64,142.83,142.01,142.23,5850
1728154800,142.22,142.39,141.94,142.11,5683
1728158400,142.11,142.21,140.96,141.08,7093
1728162000,141.06,142.21,141.05,141.69,4780
1728165600,141.6,142.92,141.54,142.9,5698
1728169200,142.87,142.87,142.25,142.54,3459
1728172800,142.54,142.62,141.94,142.23,3597
1728176400,142.24,143.47,142.08,143.47,9568
1728180000,143.47,143.55,142.83,143.13,6573
1728183600,143.14,143.6,142.54,142.61,18729
1728187200,142.64,143.09,142.05,142.37,9602
1728190800,142.34,142.85,142.14,142.56,3871
1728194400,142.58,143.32,142.52,142.95,3096
1728198000,143,143.38,142.74,142.93,3774
1728201600,142.93,143.4,142.59,143.25,7067
1728205200,143.26,144.18,143.24,143.7,14058
1728208800,143.72,143.97,143.31,143.49,9945
1728212400,143.49,144.25,143.33,143.95,9235
1728216000,143.96,144.55,143.86,144.42,15140
1728219600,144.45,144.87,144.28,144.31,11222
1728223200,144.29,146.55,144.02,146.28,23142
1728226800,146.28,146.57,145.11,145.86,14272
1728230400,145.87,146.4,144.8,144.81,16300
1728234000,144.81,145.53,144.81,145.04,4835
1728237600,145.04,145.89,145.04,145.84,4520
1728241200,145.84,146.44,145.17,145.34,10223
1728244800,145.3,145.48,145.08,145.4,3880
1728248400,145.32,145.88,144.23,144.29,10944
1728252000,144.34,145.39,144.33,145.29,9873
1728255600,145.3,146.68,145.3,146.41,23075
1728259200,146.4,149.31,145.81,149.14,43720
1728262800,149.16,150.34,148.56,150.33,37506
1728266400,150.34,150.97,149.13,149.41,26394
1728270000,149.42,149.98,148.93,149.81,38869
1728273600,149.82,150.39,149.41,149.42,14282
1728277200,149.47,149.99,148.66,148.78,25880
1728280800,148.81,149.42,148.63,149.42,10424
1728284400,149.36,149.4,147.87,147.98,48343
1728288000,148,149.11,147.91,148.39,10128
1728291600,148.35,148.47,146.69,147.32,35950
1728295200,147.3,147.3,146.03,146.55,14213
1728298800,146.58,147.37,145.58,147.37,35789
1728302400,147.37,147.37,146.46,146.48,12025
1728306000,146.44,147.91,146.33,147.79,16954
1728309600,147.81,152.23,147.7,150.47,84866
1728313200,150.41,150.44,148.24,148.63,36148
1728316800,148.63,149.35,147.68,149.1,17056
1728320400,149.07,149.26,148.26,149.04,7311
1728324000,149.04,149.05,145.29,145.61,47657
1728327600,145.67,147.26,145.53,146.96,26316
1728331200,147,147.17,145.6,145.62,17389
1728334800,145.65,146.98,145.65,146.81,12665
1728338400,146.78,146.79,144.3,144.37,29552
1728342000,144.37,145.61,143.36,143.89,63843
1728345600,143.86,145.02,143.42,144.79,20124
1728349200,144.72,145.35,143.85,144.98,18167
1728352800,144.96,145.52,144.01,145.25,16378
1728356400,145.26,145.26,144.5,144.64,11629
1728360000,144.66,145.02,143.63,144.25,13076
1728363600,144.22,144.33,142.85,143.7,27799
1728367200,143.71,144.25,142.71,144.07,19971
1728370800,144,144,142.07,143.01,29187
1728374400,142.99,143.62,142.64,143.44,14584
1728378000,143.54,143.9,142.81,143.59,10544
1728381600,143.61,144.28,143.18,144.04,12940
1728385200,143.99,144.58,143.86,144.44,7032
1728388800,144.42,144.52,143.16,143.2,9312
1728392400,143.22,145.01,142.64,144.97,36202
1728396000,145,145.46,142.36,144.03,61164
1728399600,144.08,144.28,141.09,142.73,40299
1728403200,142.74,143.81,141.68,143.68,33307
1728406800,143.74,143.84,142.33,143.27,12478
1728410400,143.27,143.82,142.27,142.82,8443
1728414000,142.79,143.95,142.17,143.64,13908
1728417600,143.62,144.38,143.25,144.38,11494
1728421200,144.37,144.59,143.91,144.08,6875
1728424800,144.12,144.15,143.07,143.1,6309
1728428400,143.12,143.54,142.58,143.42,5114
1728432000,143.42,144.15,143.02,144.14,9108
1728435600,144.15,145.23,143.92,144.75,17931
1728439200,144.69,144.76,143.83,143.84,11368
1728442800,143.85,144.51,143.47,143.88,13223
1728446400,143.83,144.03,143.11,143.22,4519
1728450000,143.27,144.25,142.96,144.12,11185
1728453600,144.11,144.11,143.26,143.4,5005
1728457200,143.36,143.36,142.67,143.17,23638
1728460800,143.1,143.44,142.49,142.88,15967
1728464400,142.88,143.24,142.63,143.18,9419
1728468000,143.16,143.35,142.44,142.59,14041
1728471600,142.61,143.25,142.55,143.13,5286
1728475200,143.15,143.28,141.21,141.83,28469
1728478800,141.8,142.18,140.17,141.07,52227
1728482400,141.14,142.01,140.66,141.27,18922
1728486000,141.3,143.04,141.3,142.71,22240
1728489600,142.77,142.82,140.62,140.86,18441
1728493200,140.8,141.4,140.39,141.11,8942
1728496800,141.08,141.39,139.82,140.56,22881
1728500400,140.55,141.09,140,141.07,9894
1728504000,140.99,141,138.72,138.79,30794
1728507600,138.75,140.06,138.64,139.81,11027
1728511200,139.8,139.84,139.15,139.17,12043
1728514800,139.17,139.67,139.05,139.31,5559
1728518400,139.32,139.35,137.51,138.46,41609
1728522000,138.41,139.77,138.41,139.28,28868
1728525600,139.26,139.84,139.21,139.69,9632
1728529200,139.68,140.31,139.49,139.8,6999
1728532800,139.82,140.21,139.59,139.8,6872
1728536400,139.81,140.91,139.43,140.48,13832
1728540000,140.48,140.64,140.06,140.45,9660
1728543600,140.43,140.43,139.6,139.6,6662
1728547200,139.64,140.11,138.5,138.58,28153
1728550800,138.58,138.75,137.37,138.36,26228
1728554400,138.35,139.59,138.3,139.42,16534
1728558000,139.39,140.41,139.25,140.34,11696
1728561600,140.34,140.68,138.23,138.94,39235
1728565200,138.89,140.13,137.26,138.03,40975
1728568800,138,138.64,136.09,137.47,48408
1728572400,137.47,138.62,137.01,138.61,20062
1728576000,138.63,139.06,137.7,138,18106
1728579600,138.02,138.45,136.42,136.54,32366
1728583200,136.54,137.27,135.44,137.24,58525
1728586800,137.24,138.09,136.88,138.01,11979
1728590400,138.01,138.72,137.11,137.52,37812
1728594000,137.54,138.6,137.27,138.59,12045
1728597600,138.58,138.77,137.77,138.45,9805
1728601200,138.5,138.99,138.49,138.95,8169
1728604800,138.95,139.75,138.77,139.25,26406
1728608400,139.25,140.43,138.63,140.14,24497
1728612000,140.15,140.94,139.6,140.8,20924
1728615600,140.84,141.42,140.74,140.74,24731
1728619200,140.73,141.07,140.55,140.98,7386
1728622800,140.95,141.31,140.76,140.85,16294
1728626400,140.84,141.8,140.84,141.39,12048
1728630000,141.39,141.96,141.02,141.1,24153
1728633600,141.1,141.58,140.89,141.32,13099
1728637200,141.32,142.22,141.31,142.02,17690
1728640800,142.04,142.58,141.61,141.91,17347
1728644400,141.89,142.2,141.51,141.92,7186
1728648000,141.89,143.03,141.8,142.9,27738
1728651600,142.91,143.75,142.22,143.45,28336
1728655200,143.47,144.23,143.37,143.73,25447
1728658800,143.75,145.42,143.59,144.3,40763
1728662400,144.3,144.69,143.83,144.62,15607
1728666000,144.66,146.08,144.55,145.78,30411
1728669600,145.79,146.07,145.03,145.73,16981
1728673200,145.71,146.44,145.08,145.38,12942
1728676800,145.32,146.04,145.04,146.03,6434
1728680400,146.02,146.35,145.71,145.75,12036
1728684000,145.77,146.01,145.26,145.76,10481
1728687600,145.75,145.83,145.05,145.38,13867
1728691200,145.41,146.49,145.4,146.15,11424
1728694800,146.24,146.38,145.61,145.78,7649
1728698400,145.78,145.79,144.77,144.92,9797
1728702000,144.92,145.16,144.62,145.06,5365
1728705600,145.04,145.89,145.04,145.32,10707
1728709200,145.33,145.87,145.29,145.82,3509
1728712800,145.85,145.89,145.52,145.7,4589
1728716400,145.66,145.84,145.33,145.49,9129
1728720000,145.49,145.79,145.37,145.64,3570
1728723600,145.59,145.78,145.41,145.77,3404
1728727200,145.77,146.82,145.6,146.69,17797
1728730800,146.75,147.11,146.15,146.19,32659
1728734400,146.2,147.13,145.77,146.93,18201
1728738000,146.91,147.2,146.15,146.45,9295
1728741600,146.45,147.17,146.14,146.84,11960
1728745200,146.83,147.15,145.65,146.03,12773
1728748800,146.04,146.85,146.04,146.36,15549
1728752400,146.36,146.96,146.26,146.88,12418
1728756000,146.92,147.12,146.17,146.39,6479
1728759600,146.38,146.86,146.17,146.73,6314
1728763200,146.72,146.87,146.53,146.67,2277
1728766800,146.66,147.13,146.43,146.69,5374
1728770400,146.68,147.13,146.35,147,8020
1728774000,146.98,147.07,146.27,146.33,8171
1728777600,146.36,146.98,146.35,146.62,7891
1728781200,146.61,146.61,145.69,145.93,15576
1728784800,145.89,146.03,145.66,146.03,4772
1728788400,146.05,146.05,145.08,145.2,11412
1728792000,145.22,145.93,145.22,145.83,6167
1728795600,145.81,146.66,145.8,146.45,3468
1728799200,146.45,146.89,146.24,146.33,2323
1728802800,146.34,146.48,145.95,146.38,8090
1728806400,146.38,147,146.37,146.51,8289
1728810000,146.54,147.83,146.53,147.64,13317
1728813600,147.59,148.3,147.07,147.09,14450
1728817200,147.07,147.49,146.34,146.45,23914
1728820800,146.44,147.58,146.44,147.25,21904
1728824400,147.23,147.97,147.15,147.17,12283
1728828000,147.15,147.18,145.22,145.39,25899
1728831600,145.38,145.93,144.36,145.26,25927
1728835200,145.24,146.07,144.82,145.87,15236
1728838800,145.91,146.42,145.11,145.31,13108
1728842400,145.33,145.72,144.61,145.27,8592
1728846000,145.33,146.04,145.33,145.93,9284
1728849600,145.94,146.25,145.56,146.25,4164
1728853200,146.25,147.9,145.93,147.81,12873
1728856800,147.8,148.78,147.37,147.73,20341
1728860400,147.72,147.72,146.86,147.61,8119
1728864000,147.65,147.86,146.72,147.15,16275
1728867600,147.14,148.2,147.14,147.69,17664
1728871200,147.69,148.73,147.05,148.32,16883
1728874800,148.33,152.44,148.28,152.35,70198
1728878400,152.37,153.23,152.02,152.12,41052
1728882000,152.12,152.37,150.8,151.33,23304
1728885600,151.35,152.34,150.92,151.83,25579
1728889200,151.84,153.02,151.52,152.93,38954
1728892800,152.95,153.26,152.23,152.4,16313
1728896400,152.41,153.54,151.96,152.85,26999
1728900000,152.87,153.85,152.56,153.05,19655
1728903600,153.07,153.2,152.62,153.06,10787
1728907200,153.07,153.47,152.52,153.07,15426
1728910800,153.06,154.24,152.57,153.59,30888
1728914400,153.6,155.87,153.53,154.9,77523
1728918000,154.92,158.03,154.89,156.67,76562
1728921600,156.66,156.85,154.65,155.08,40518
1728925200,155.02,156.01,154.93,155.56,19866
1728928800,155.53,156.22,155.27,155.76,10377
1728932400,155.76,156.21,155.38,155.55,12275
1728936000,155.55,156.29,155.33,155.98,7043
1728939600,156,156.41,155.42,155.68,4658
1728943200,155.65,158.07,155.63,157.92,27485
1728946800,157.88,157.95,156.8,157.52,11682
1728950400,157.54,158.21,156.76,157.37,20489
1728954000,157.36,158.08,156.65,157.12,11005
1728957600,157.14,157.98,156.79,157.4,10347
1728961200,157.41,157.47,155.2,155.43,19005
1728964800,155.43,156.29,155.04,155.95,8272
1728968400,155.98,156.05,154.03,154.35,19527
1728972000,154.33,154.88,153.73,154.81,8677
1728975600,154.81,155.35,154.68,155.03,11919
1728979200,155.07,155.47,154.7,154.81,8798
1728982800,154.84,154.9,154.1,154.34,11124
1728986400,154.35,155.18,154.05,154.88,10773
1728990000,154.89,154.89,151.74,152.35,33008
1728993600,152.4,153.84,152.02,153.4,18726
1728997200,153.41,158.83,152.83,158.45,49598
1729000800,158.42,159.54,151.38,152.36,165973
1729004400,152.33,154.81,150.28,153.26,87326
1729008000,153.21,156.22,153.01,154.82,38523
1729011600,154.9,155.55,153.86,154.72,16061
1729015200,154.71,156.24,154.52,154.99,13522
1729018800,155,155.44,154.11,155.07,8749
1729022400,155.1,155.17,152.17,152.74,26641
1729026000,152.73,153.49,152.25,153.49,6595
1729029600,153.49,153.96,152.87,152.94,11229
1729033200,152.92,154.97,152.89,154.66,12917
1729036800,154.67,154.89,153.28,153.66,9795
1729040400,153.75,154.92,152.96,154.7,17698
1729044000,154.72,156,154.31,154.39,13982
1729047600,154.4,154.61,153.7,154.13,12006
1729051200,154.09,154.67,153.1,153.84,13521
1729054800,153.86,154.56,153.67,154.15,13699
1729058400,154.1,154.86,153.22,154.01,11939
1729062000,153.96,153.96,152.95,153.51,10820
1729065600,153.59,154.84,153.35,154.4,16525
1729069200,154.44,155.73,154.38,155.27,16968
1729072800,155.27,156.35,154.93,155.84,31208
1729076400,155.83,158.33,155.2,155.78,76320
1729080000,155.79,156.43,155.11,155.36,27489
1729083600,155.4,155.87,153.81,154.38,37186
1729087200,154.42,156.79,154.02,155.12,38010
1729090800,155.15,155.89,154.01,155.6,21207
1729094400,155.61,155.9,154.1,155.24,31343
1729098000,155.29,155.59,154.75,155.03,9217
1729101600,155,155.17,154.29,154.34,12966
1729105200,154.36,154.67,154.07,154.32,10107
1729108800,154.29,155.07,153.92,154.33,11304
1729112400,154.32,154.66,153.57,153.81,12391
1729116000,153.86,154.95,153.83,154.81,4835
1729119600,154.79,154.84,153.99,154.16,6910
1729123200,154.2,155.47,154.2,154.78,6973
1729126800,154.8,155.63,154.01,155.52,17747
1729130400,155.59,155.66,153.8,153.9,18864
1729134000,153.89,154.73,153.72,154.58,9756
1729137600,154.59,154.71,153.05,153.22,18709
1729141200,153.23,153.61,152.32,152.63,25233
1729144800,152.57,153.24,152.19,152.24,12915
1729148400,152.3,152.64,151.54,152.58,21833
1729152000,152.57,153.25,152.12,153.2,14095
1729155600,153.2,153.42,152.79,153.02,10818
1729159200,153.01,153.26,151.34,152.37,26782
1729162800,152.4,152.58,151.09,151.29,19939
1729166400,151.35,152.52,151.03,152.51,15435
1729170000,152.51,153.22,151.36,152.07,19332
1729173600,152.1,152.3,150.81,151.9,33227
1729177200,151.91,153.07,151.14,152.81,25249
1729180800,152.77,152.85,150.66,151.17,23128
1729184400,151.25,151.44,149.16,149.36,29650
1729188000,149.4,149.44,147.65,148.54,71115
1729191600,148.51,149.67,148.24,149.33,17985
1729195200,149.31,150.41,149.25,149.6,15556
1729198800,149.59,150.24,149.59,150.11,4964
1729202400,150.15,150.9,150.15,150.86,10403
1729206000,150.84,150.84,150.16,150.47,5021
1729209600,150.41,150.72,149.65,149.76,11769
1729213200,149.74,152.72,149.62,152.34,19773
1729216800,152.4,153.17,151.95,153.11,14753
1729220400,153.11,153.16,151.69,151.76,9016
1729224000,151.81,152.64,151.81,152.38,4346
1729227600,152.3,152.98,152.19,152.95,2632
1729231200,152.96,153.99,152.8,153.64,14433
1729234800,153.62,154.16,153.27,153.85,7358
1729238400,153.83,154.28,153.38,153.65,10703
1729242000,153.62,154.03,153.2,153.45,8071
1729245600,153.52,153.92,153.33,153.69,5017
1729249200,153.67,153.97,152.82,152.96,8375
1729252800,152.95,153.25,152.08,152.31,7954
1729256400,152.34,153.86,152.17,153.75,14753
1729260000,153.78,154.71,152.94,154.35,25223
1729263600,154.37,155.19,153.79,154.66,24019
1729267200,154.66,156.01,153.59,155.63,22249
1729270800,155.62,156.19,155.25,155.39,8836
1729274400,155.39,156.56,155.09,156.05,8425
1729278000,156.01,156.09,154.46,154.77,6350
1729281600,154.77,154.85,154.12,154.5,4168
1729285200,154.48,154.7,153.68,154.28,8421
1729288800,154.27,154.32,153.8,154.24,2516
1729292400,154.24,155.12,154.24,154.89,3384
1729296000,154.89,155,154.36,154.51,1985
1729299600,154.47,154.92,154.31,154.34,2116
1729303200,154.31,154.98,154.16,154.95,9866
1729306800,154.94,155.93,154.49,154.49,13213
1729310400,154.52,154.92,154.13,154.13,5740
1729314000,154.14,154.97,154.13,154.92,5712
1729317600,154.9,155.07,154.45,154.49,3469
1729321200,154.51,154.59,154.08,154.5,5512
1729324800,154.54,154.89,154.51,154.73,5286
1729328400,154.75,154.86,154.5,154.77,2270
1729332000,154.71,154.96,154.18,154.31,5294
1729335600,154.38,154.68,153.61,153.76,14781
1729339200,153.76,154.7,153.72,154.5,4293
1729342800,154.5,154.86,154.19,154.73,4052
1729346400,154.74,156.99,154.74,156.88,20974
1729350000,156.9,157.37,155.86,156.41,32862
1729353600,156.4,156.88,155.71,155.91,15408
1729357200,155.97,156.19,155.24,155.57,7174
1729360800,155.58,156.16,155.54,155.79,2043
1729364400,155.76,156.79,155.67,156.28,4990
1729368000,156.24,156.78,156.04,156.68,2516
1729371600,156.69,157.78,156.68,156.89,6502
1729375200,156.96,158.84,156.84,158.81,14893
1729378800,158.85,159.73,158.57,159.63,15962
1729382400,159.69,160.52,158.7,158.7,21894
1729386000,158.74,159.31,158.42,158.68,9371
1729389600,158.8,159.21,158.25,158.52,8576
1729393200,158.52,158.98,158.07,158.96,7807
1729396800,158.94,159.88,158.61,159.35,8353
1729400400,159.42,160.45,159.18,159.22,17839
1729404000,159.23,159.3,158.53,159.2,8273
1729407600,159.2,159.4,158.64,158.72,4802
1729411200,158.73,159.25,158.31,158.72,6806
1729414800,158.67,159.37,158.52,159.05,3747
1729418400,159.06,159.3,158.59,158.69,2887
1729422000,158.69,159.22,158.69,159.12,2334
1729425600,159.09,159.21,158.17,158.28,7436
1729429200,158.19,158.66,157.56,158.09,18726
1729432800,158.13,161.41,158.09,160.7,42031
1729436400,160.72,160.85,158.78,159.95,49488
1729440000,159.96,160.22,159.24,159.75,11416
1729443600,159.81,160.54,159.24,160.09,14199
1729447200,160.15,161.1,160.08,160.39,9176
1729450800,160.36,160.44,159.43,160.25,7235
1729454400,160.24,163.19,160.09,162.68,45567
1729458000,162.72,163.86,162.68,163.76,25480
1729461600,163.76,167.31,163.4,166.65,49748
1729465200,166.62,167.9,166.32,167.31,37656
1729468800,167.34,169.9,167.13,168.7,50468
1729472400,168.73,169.89,168.42,169.73,18113
1729476000,169.74,170,168.03,168.44,17211
1729479600,168.44,169.54,168.25,169.48,25015
1729483200,169.49,170.87,168.62,170.52,17634
1729486800,170.55,171.72,169.51,169.59,36296
1729490400,169.58,171.04,168.68,169.11,18506
1729494000,169.1,169.86,168.55,168.66,13796
1729497600,168.66,169.62,166.59,166.59,28218
1729501200,166.6,167.68,165.75,166.97,29104
1729504800,167,167.4,165.91,166.13,14946
1729508400,166.17,166.95,165.77,166.4,9760
1729512000,166.6,167.1,165.36,165.75,16153
1729515600,165.71,166.22,161.45,162.58,75912
1729519200,162.6,164.87,162.5,164.28,28132
1729522800,164.27,165.31,163.1,165.28,23127
1729526400,165.33,165.33,163.06,164.66,31198
1729530000,164.6,166.12,164.5,165.74,16172
1729533600,165.66,166.05,164.8,165.78,12548
1729537200,165.7,168.01,165.7,167.63,19277
1729540800,167.68,167.68,166.09,166.5,15417
1729544400,166.46,168.31,166.41,167.41,10089
1729548000,167.34,168,166.85,167.75,9504
1729551600,167.51,167.51,165.99,166.13,15760
1729555200,166.12,166.46,162.95,165.36,39683
1729558800,165.38,167.26,164.9,167,18986
1729562400,166.97,167.81,165.85,165.89,13876
1729566000,165.89,166.5,165.41,166.36,13686
1729569600,166.32,167.39,166.05,167.33,9829
1729573200,167.34,168.85,167.06,168.36,25071
1729576800,168.36,168.87,168.19,168.19,10607
1729580400,168.18,168.5,166.83,167.01,13578
1729584000,167.02,167.13,164.95,165.64,31822
1729587600,165.6,165.77,163.54,164.97,34180
1729591200,164.96,166.79,164.08,166.38,23049
1729594800,166.37,169.14,166.31,167.8,41978
1729598400,167.78,169.2,165.5,166.05,46065
1729602000,166.05,167.03,164.8,166.11,47033
1729605600,166.05,170.43,165.55,170.05,83828
1729609200,170.03,170.83,167.26,167.7,55886
1729612800,167.68,168.03,165.94,166.06,35869
1729616400,166.04,167.64,165.95,167.15,35633
1729620000,167.15,168.61,167.14,167.8,16103
1729623600,167.82,169.05,167.69,168.39,15911
1729627200,168.36,168.76,167.7,168.2,10924
1729630800,168.19,168.27,167.01,167.48,12276
1729634400,167.46,169.08,167.28,168.82,17539
1729638000,168.85,168.99,166.85,167.53,22631
1729641600,167.55,167.91,166.23,166.45,17427
1729645200,166.1,166.57,166.1,166.56,797
1729648800,167.27,167.42,165.9,165.97,8037
1729652400,165.96,166.36,164.52,165.43,33770
1729656000,165.48,166.12,164.97,165.82,11301
1729659600,165.82,165.95,164.28,165.03,15287
1729663200,164.99,166.32,164.75,165.18,18507
1729666800,165.2,165.64,164.65,165.63,22331
1729670400,165.62,166.31,164.42,164.82,28556
1729674000,164.8,165.97,164.07,165.65,26946
1729677600,165.65,166.73,165.35,165.47,26995
1729681200,165.54,166.83,165.43,166.28,17792
1729684800,166.29,167,164.86,166.37,77887
1729688400,166.36,169.35,166.09,168.9,49721
1729692000,168.91,169.14,167.18,167.72,33768
1729695600,167.58,168.39,166.27,168,50607
1729699200,168.03,168.35,165.5,165.55,49476
1729702800,165.5,167.21,165.34,166.18,43014
1729706400,166.19,170.19,164.64,169.63,91345
1729710000,169.57,173.69,168.86,172.89,80090
1729713600,172.89,174.2,172.14,173.41,43360
1729717200,173.45,173.52,171.02,171.32,17989
1729720800,171.37,171.86,169.95,170.85,26547
1729724400,170.86,171.84,170.58,170.71,14114
1729728000,170.77,172.81,170.4,172.73,23707
1729731600,172.83,173.9,172.14,172.78,40237
1729735200,172.84,174.77,172.6,174.33,43536
1729738800,174.36,174.85,174.02,174.02,19605
1729742400,174.02,175.16,173.41,173.45,30513
1729746000,173.46,173.76,172.71,173.14,11605
1729749600,173.03,174.05,172.81,173.39,18404
1729753200,173.35,173.9,173.04,173.46,31235
1729756800,173.45,174.24,171.93,171.99,51444
1729760400,172.01,172.59,170.95,171.68,42432
1729764000,171.7,173.21,171.61,172.82,24216
1729767600,172.84,173.99,172.34,173.73,28135
1729771200,173.79,175.38,173.59,174.89,40180
1729774800,174.89,176.23,174.03,175.71,71953
1729778400,175.7,177.22,174.35,175.61,47094
1729782000,175.73,177,175.1,175.4,29716
1729785600,175.38,177.33,174.59,176.57,45027
1729789200,176.57,176.94,175.13,175.32,18962
1729792800,175.31,176.27,175.2,176.17,13127
1729796400,176.15,177.76,175.93,177.31,22241
1729800000,177.33,177.4,176.38,177.24,23055
1729803600,177.22,178.62,177.04,177.84,20661
1729807200,177.83,179.19,177.79,178.62,19521
1729810800,178.61,178.68,176.7,177.11,15274
1729814400,177.1,177.38,176.15,176.59,26874
1729818000,176.59,176.59,175.3,175.65,22373
1729821600,175.65,176.41,175.15,175.68,16937
1729825200,175.64,176.3,174.34,174.69,30666
1729828800,174.6,174.99,172.8,173.22,44464
1729832400,173.19,174.09,172.37,173.82,21960
1729836000,173.83,174.47,173.33,173.49,12513
1729839600,173.54,173.9,171.5,171.9,32108
1729843200,171.91,172.91,170.9,172.29,28942
1729846800,172.33,173.22,170.81,173.18,38838
1729850400,173.18,173.88,172.33,173.55,24374
1729854000,173.54,174.11,173.15,173.6,17410
1729857600,173.62,174.45,173.2,173.43,21851
1729861200,173.34,175.29,172.74,175.11,38490
1729864800,175.12,177.46,174.32,175.55,77239
1729868400,175.56,176.64,171.22,172.41,48575
1729872000,172.41,172.99,170.84,171.91,50593
1729875600,171.94,172.27,166.62,167.91,65630
1729879200,167.91,171.53,165.14,169.26,126838
1729882800,169.26,169.68,167.59,167.95,43171
1729886400,167.91,168.79,166.47,167.1,30225
1729890000,167.16,168.66,167.09,168.26,30781
1729893600,168.18,168.23,163.48,163.76,37624
1729897200,163.72,165.33,158.77,164.86,173612
1729900800,164.8,165.91,163.79,164.82,44642
1729904400,164.82,165.27,163.32,163.32,24890
1729908000,163.32,165.88,162.45,164.79,42987
1729911600,164.81,165.82,164.13,165.58,27895
1729915200,165.52,166.48,165.28,166.44,23996
1729918800,166.43,167.66,166.15,166.79,25278
1729922400,166.74,168.45,166.36,168.34,30720
1729926000,168.34,169.06,167.17,167.22,43315
1729929600,167.31,168.5,167.23,168.28,16497
1729933200,168.29,169.42,167.98,168.99,21414
1729936800,169.01,170.18,168.95,169.16,25770
1729940400,169.16,169.5,168.19,168.55,13144
1729944000,168.57,169.38,168.26,168.95,5469
1729947600,168.93,169.15,167.88,167.96,20274
1729951200,167.95,168.54,167.14,167.59,25353
1729954800,167.57,169.24,167.24,168.53,13397
1729958400,168.57,169.66,168.26,169.1,12084
1729962000,169.13,170.1,168.78,169.96,14416
1729965600,170,170.25,169.42,169.78,14534
1729969200,169.81,172.25,169.81,171.43,37346
1729972800,171.45,172.96,171.32,172.44,27975
1729976400,172.45,173.15,170.87,171.17,16599
1729980000,171.21,171.71,170.76,171.32,13352
1729983600,171.24,171.44,170.56,170.76,5972
1729987200,170.78,171.15,170.19,170.53,7690
1729990800,170.55,172.4,170.29,172.22,9312
1729994400,172.28,173.07,171.22,171.42,36973
1729998000,171.43,172.32,171.02,172.04,23417
1730001600,172.06,172.55,171.59,172.4,9765
1730005200,172.39,172.96,172.22,172.42,15034
1730008800,172.47,173.25,172.09,173.2,23304
1730012400,173.26,173.36,172.65,173.15,21039
1730016000,173.15,175.35,173.04,175.15,49533
1730019600,175.09,175.37,173.61,174.47,32605
1730023200,174.49,174.57,173.36,173.54,20151
1730026800,173.55,174.89,173.33,173.93,20327
1730030400,173.93,175.88,173.93,175.63,39824
1730034000,175.72,176.59,175.42,175.82,42350
1730037600,175.87,176.9,175.56,176.34,21746
1730041200,176.41,176.82,175.5,175.69,19695
1730044800,175.7,176.6,174.63,176.58,22009
1730048400,176.58,177.69,176.01,176.08,47992
1730052000,176.11,177.25,175.63,175.76,18533
1730055600,175.71,177.2,175.52,177.08,13321
1730059200,177.11,177.34,176.47,176.7,9968
1730062800,176.8,177.99,176.47,176.96,16047
1730066400,176.97,178.04,176.97,177.64,23225
1730070000,177.63,178.43,176.55,176.57,42116
1730073600,176.57,177.08,175.22,175.94,54670
1730077200,175.91,176.47,175.42,175.62,15737
1730080800,175.61,176.02,174.71,175.12,19402
1730084400,175.06,176.65,174.98,175.62,18222
1730088000,175.59,175.59,173.78,175.17,22230
1730091600,175.14,175.15,173.09,174.3,21913
1730095200,174.28,174.64,173.29,174.44,13236
1730098800,174.44,176.65,174.33,175.59,61918
1730102400,175.58,177.29,175.54,176.74,27311
1730106000,176.73,177.74,176.3,177.64,30037
1730109600,177.62,178.42,177.05,177.13,38861
1730113200,177.13,177.67,176.62,176.85,25054
1730116800,176.86,177.8,176.21,177.47,39262
1730120400,177.44,177.74,174.94,175.1,60323
1730124000,175.12,175.6,173.32,174.92,70030
1730127600,174.92,174.93,173.3,173.41,31962
1730131200,173.35,175.08,173.05,173.75,33686
1730134800,173.73,175.83,172.39,174.66,35801
1730138400,174.69,175.8,174.52,175.38,13520
1730142000,175.28,177.96,175.14,176.26,55205
1730145600,176.25,176.49,175.63,176.49,11185
1730149200,176.49,177.76,176.19,177.49,13107
1730152800,177.6,179.7,177.48,178.51,77828
1730156400,178.55,179.47,177.73,178.18,34817
1730160000,178.2,178.89,177.27,178.56,17555
1730163600,178.54,178.63,177.07,178.22,30568
1730167200,178.14,182.16,177.85,180.73,120496
1730170800,180.74,181.8,180.29,181.67,33620
1730174400,181.69,182.58,181.45,181.84,35779
1730178000,181.84,181.88,180.26,180.81,27380
1730181600,180.8,181.17,180.04,180.25,13078
1730185200,180.25,180.51,179.5,180.08,16940
1730188800,180.09,181.57,179.95,180.95,17335
1730192400,181.02,181.38,180.58,181.04,8774
1730196000,181.04,181.31,180.54,180.97,7435
1730199600,180.92,181.79,180.24,180.75,22100
1730203200,180.72,180.88,179.07,179.21,28604
1730206800,179.28,180.06,178.32,179.74,41939
1730210400,179.74,180.64,178.35,179.35,41615
1730214000,179.39,180.92,178.88,180.58,30120
1730217600,180.52,183.28,180.51,182.39,83208
1730221200,182.41,183.03,180.13,180.84,50669
1730224800,180.81,182.05,180.48,181.29,24954
1730228400,181.24,181.83,178.05,178.14,60066
1730232000,178.16,178.86,176.36,178.41,45450
1730235600,178.4,179.29,177.9,178.75,11973
1730239200,178.78,180.28,178.59,179.53,15644
1730242800,179.58,179.85,178.75,179.47,6724
1730246400,179.39,179.49,177.93,178.26,12321
1730250000,178.27,180.1,176.94,179.91,24529
1730253600,179.93,180.85,179.32,179.64,28875
1730257200,179.65,180.44,179.65,180.1,12937
1730260800,180.1,180.8,179.87,180.64,9244
1730264400,180.65,181.28,179.65,179.94,24204
1730268000,179.93,180.55,178.69,178.77,21856
1730271600,178.77,178.91,178.22,178.71,17040
1730275200,178.71,179.33,177.83,177.89,11430
1730278800,177.89,178.75,177.63,178.14,13812
1730282400,178.1,178.21,177.22,177.23,15350
1730286000,177.23,177.48,175.31,175.67,47169
1730289600,175.71,175.98,174.64,175.56,32735
1730293200,175.54,176.67,174.18,176.47,32528
1730296800,176.49,177.28,175.43,175.75,22747
1730300400,175.87,175.96,173.01,173.97,47290
1730304000,173.89,175.27,173.36,175.05,23355
1730307600,175.02,175.46,174.46,175.3,11779
1730311200,175.35,175.75,173.54,174.01,24674
1730314800,173.98,174.72,173.44,174.28,21636
1730318400,174.27,176.64,173.09,176.61,35993
1730322000,176.61,177.07,173.99,175.11,30822
1730325600,175.11,175.55,174.68,175.29,7599
1730329200,175.3,176.06,174.77,174.85,13140
1730332800,174.83,175.49,174.82,175.25,10074
1730336400,175.31,176.15,174.34,175.6,9597
1730340000,175.57,176.48,175.01,175.83,25533
1730343600,175.84,176.09,174.1,174.3,26220
1730347200,174.32,175.3,174.19,175.09,11282
1730350800,175.07,175.98,174.98,175.14,9238
1730354400,175.14,175.31,173.53,173.7,17664
1730358000,173.67,174.84,173.16,174.48,12467
1730361600,174.53,174.53,173.27,174.16,10072
1730365200,174.15,175.4,174.05,175.26,7843
1730368800,175.17,176.29,174.6,176.24,24504
1730372400,176.27,176.33,174.76,175,14468
1730376000,174.99,175.42,174.09,174.18,14541
1730379600,174.17,174.42,171.33,171.9,52150
1730383200,171.92,172.04,169.19,170.41,72034
1730386800,170.38,172.01,170.24,170.6,48218
1730390400,170.63,170.73,169.44,169.74,48276
1730394000,169.74,170.67,169.36,170.27,29384
1730397600,170.27,170.27,168.56,169.61,25143
1730401200,169.63,170.34,168.47,168.68,18661
1730404800,168.67,170.23,168.37,169.6,17670
1730408400,169.57,169.91,169.08,169.14,10890
1730412000,169.13,169.68,167.55,169.44,25722
1730415600,169.47,169.84,168.44,168.68,16418
1730419200,168.64,169.24,168.35,169.05,10270
1730422800,169.04,169.39,166.42,167.2,34891
1730426400,167.16,167.87,165.41,167.62,131475
1730430000,167.61,168,166.85,167.16,10812
1730433600,167.1,167.49,166.7,167.4,11187
1730437200,167.4,167.59,166.82,166.92,8862
1730440800,166.9,167.05,165.28,165.48,39013
1730444400,165.49,166.3,165.07,165.97,18740
1730448000,165.96,166.55,165.55,165.78,8119
1730451600,165.8,166.93,165.58,166.93,19997
1730455200,166.93,168.69,166.85,168.1,25682
1730458800,168.13,168.63,167.63,167.9,32463
1730462400,167.86,169.71,167.7,169.67,29215
1730466000,169.58,172.98,169.1,172.97,50324
1730469600,172.95,174.03,170.44,171.47,59572
1730473200,171.48,171.72,163.22,164.01,99948
1730476800,164.05,167.6,163.65,166.23,43910
1730480400,166.36,167.74,165.85,166.48,24048
1730484000,166.44,167.05,165.89,166.11,15469
1730487600,166.12,166.75,165.32,166.54,15599
1730491200,166.55,167.1,165.61,165.66,7476
1730494800,165.64,165.64,163.88,165.24,23808
1730498400,165.23,165.89,164.71,165.8,9791
1730502000,165.8,166.37,165.53,166.05,5878
1730505600,166.03,167.3,166.01,166.86,8556
1730509200,166.83,167.66,166.71,167.33,7614
1730512800,167.32,168.59,167.09,167.42,17665
1730516400,167.43,167.67,166.67,166.94,8731
1730520000,166.96,167.07,166.24,166.27,7181
1730523600,166.2,166.95,165.61,166.79,10822
1730527200,166.86,166.95,166.21,166.85,8889
1730530800,166.85,167.59,166.4,167.56,7764
1730534400,167.52,167.79,166.42,166.54,15461
1730538000,166.52,167.03,166.15,166.3,10952
1730541600,166.29,166.52,165.87,166.32,9217
1730545200,166.35,166.49,165.82,165.99,6514
1730548800,165.94,166.38,164.72,164.94,13800
1730552400,164.93,165.84,164.05,164.2,15790
1730556000,164.17,164.57,162.55,163.43,43057
1730559600,163.4,163.87,162.09,163.78,27329
1730563200,163.79,165.34,163.56,164.78,20169
1730566800,164.64,164.69,163.53,163.93,10955
1730570400,163.9,164.21,162.94,163.91,11134
1730574000,163.92,165.27,163.81,165.05,9727
1730577600,165.08,166.75,164.86,166.5,17352
1730581200,166.58,166.83,166.07,166.15,4874
1730584800,166.11,166.55,165.59,165.94,5595
1730588400,165.81,166.05,165.12,166.05,7078
1730592000,166.06,166.48,165.12,165.12,24344
1730595600,165.14,165.38,163.8,163.82,20470
1730599200,163.83,164.31,160.96,162.18,80390
1730602800,162.14,162.49,160.8,161.9,26240
1730606400,161.93,163.56,161.79,163.04,18218
1730610000,163.07,163.36,161.94,161.94,20116
1730613600,161.96,163.5,161.67,163.12,19148
1730617200,163.12,163.97,162.91,163.41,20024
1730620800,163.42,163.95,163.07,163.71,14883
1730624400,163.73,164.03,162.61,162.8,18214
1730628000,162.84,164.46,162.84,164.12,44959
1730631600,164.1,164.78,163.28,163.56,11854
1730635200,163.57,164.51,163.17,163.54,17622
1730638800,163.61,163.75,160.66,160.98,43675
1730642400,161.01,161.55,158.52,159.27,75419
1730646000,159.26,160.4,157.82,159.88,82769
1730649600,159.86,161.24,159.32,159.43,47892
1730653200,159.43,161.71,159.41,160.92,25094
1730656800,160.91,161.22,157.99,158.82,25515
1730660400,158.8,161.2,158.74,160.98,15999
1730664000,160.92,162.7,160.42,162.61,21962
1730667600,162.61,163.68,162.36,163.08,21537
1730671200,163.14,163.64,162.21,162.76,9245
1730674800,162.72,162.99,161.65,162.36,12592
1730678400,162.37,162.42,160.4,161.51,21151
1730682000,161.54,163.52,161.12,162.8,20286
1730685600,162.84,164.32,162.33,164.31,22501
1730689200,164.31,164.89,162.65,162.73,30426
1730692800,162.75,163.75,162.7,162.92,16500
1730696400,163,163.05,161.31,161.45,14951
1730700000,161.43,162.67,161.42,162.57,25748
1730703600,162.56,162.67,161.33,161.33,12547
1730707200,161.34,161.87,160.03,160.57,24724
1730710800,160.59,161.93,160.57,161.77,21946
1730714400,161.76,163.71,161.54,163.32,35771
1730718000,163.31,164.7,162.92,164,37163
1730721600,163.96,164.85,163.49,164.06,24528
1730725200,164.12,164.88,163.2,163.23,32362
1730728800,163.25,164.29,161.93,162.46,47360
1730732400,162.45,163.41,161.53,162.93,32199
1730736000,162.93,163.36,159.8,160.11,30234
1730739600,160.09,161.6,159.66,160.52,23142
1730743200,160.51,161.28,159.08,159.15,17614
1730746800,159.18,160.15,159.11,159.56,11624
1730750400,159.51,159.94,158.16,158.37,13359
1730754000,158.3,159.14,155.07,155.32,42200
1730757600,155.26,158.73,155.06,157.98,26068
1730761200,157.96,158.31,157.11,157.9,18988
1730764800,157.9,159.08,157.82,158.55,22060
1730768400,158.47,158.79,156.85,158.13,34462
1730772000,158.24,159.05,157.92,158.21,10577
1730775600,158.18,159.63,158.18,159.56,11261
1730779200,159.55,160.28,159.28,159.87,20086
1730782800,159.93,160.94,159.63,160.69,10363
1730786400,160.69,160.99,159.91,160.85,12628
1730790000,160.84,162.32,160.58,161.96,27097
1730793600,161.97,162.44,161.58,162.44,18269
1730797200,162.45,162.95,161.68,161.69,24492
1730800800,161.71,161.85,160.94,161.62,36240
1730804400,161.66,162.73,161.66,162.27,16456
1730808000,162.27,164.21,161.71,163.32,33986
1730811600,163.36,163.84,162.7,163.68,34598
1730815200,163.6,167.77,163.29,166.8,89176
1730818800,166.8,167.42,164.62,165.84,63854
1730822400,165.85,168.75,165.6,168.4,47312
1730826000,168.43,169.2,166.58,166.6,38586
1730829600,166.63,167.25,165.89,166.77,18938
1730833200,166.77,167.29,163.35,163.96,42804
1730836800,163.99,166.83,163.14,166.7,23062
1730840400,166.74,166.83,165.02,165.28,12139
1730844000,165.24,167.31,164.43,167.27,18679
1730847600,167.31,167.56,166.29,166.52,17103
1730851200,166.58,172.93,166.34,172.4,82260
1730854800,172.43,174.54,171.5,173.19,69954
1730858400,173.17,179.94,172.46,179.56,96655
1730862000,179.55,184.87,179.05,184.82,160602
1730865600,184.83,188.25,182.6,185,111177
1730869200,184.99,185.57,182.92,185.13,70839
1730872800,185.14,188.39,184.83,185.08,61603
1730876400,185.1,188.11,182.98,183.81,97808
1730880000,183.87,184.5,180.2,183.11,79291
1730883600,183.11,185.05,183.11,184.28,26625
1730887200,184.28,185.39,183.59,185.09,17091
1730890800,185.04,186.77,184.57,186.62,27050
1730894400,186.68,188.79,185.97,186.2,55889
1730898000,186.2,187.37,185.32,186.87,28727
1730901600,186.82,188.41,184.4,184.73,50133
1730905200,184.86,187.65,184.16,185.39,36130
1730908800,185.37,186.11,184.65,186.06,14004
1730912400,186.07,186.61,184.91,185.59,16503
1730916000,185.58,187.5,185.48,187.46,15260
1730919600,187.46,188.24,186.46,188.19,26924
1730923200,188.24,188.5,186.3,187.37,21979
1730926800,187.33,189.85,186.43,188.79,45478
1730930400,188.78,190.01,188.27,188.96,26990
1730934000,188.97,189.11,186.41,186.47,20326
1730937600,186.55,187.36,185.74,187.21,20574
1730941200,187.19,191.76,186.74,189.42,66119
1730944800,189.42,191.9,189.31,191.34,28570
1730948400,191.35,191.36,188.53,189.03,20465
1730952000,189.02,189.95,188.04,188.36,24403
1730955600,188.44,188.83,187.74,188.79,12921
1730959200,188.8,188.94,185.94,187.37,29040
1730962800,187.37,188.35,186.96,187.96,21681
1730966400,187.91,189.26,187.86,188.85,12464
1730970000,188.9,188.93,187.56,188.39,15101
1730973600,188.35,188.4,186.56,187.47,14463
1730977200,187.51,187.83,185.89,186.01,12722
1730980800,186.01,187.86,185.93,187.52,13518
1730984400,187.55,188.36,185.95,186.06,17071
1730988000,186.06,188.31,185.96,187.63,25824
1730991600,187.59,192.59,187.33,192.54,78301
1730995200,192.54,194.21,190.87,193.76,52350
1730998800,193.74,195.96,192.66,195.71,32004
1731002400,195.77,197.7,194.53,196.69,42707
1731006000,196.66,197.14,194.13,196.79,34113
1731009600,196.79,197.43,195.7,196.96,30873
1731013200,197.01,197.6,196.07,196.09,12527
1731016800,196.04,196.67,194.33,195.11,23710
1731020400,195.19,196.4,193.92,196.24,19412
1731024000,196.24,200.95,196.24,198.72,79724
1731027600,198.73,200.21,197.53,198.2,27125
1731031200,198.14,198.39,195.52,195.83,22986
1731034800,195.83,198.44,195.64,198.05,11912
1731038400,198.02,198.88,197.43,197.66,17054
1731042000,197.63,200.03,197.58,199.04,22064
1731045600,199,199.63,197.8,198.62,18708
1731049200,198.6,200.68,197.2,200.26,49111
1731052800,200.28,200.4,198.02,199.11,37100
1731056400,199.15,202.71,198.85,202.18,43805
1731060000,202.12,204.22,200.89,203.48,64266
1731063600,203.47,204.76,202.89,202.94,48270
1731067200,202.97,204.07,202.3,202.58,42469
1731070800,202.54,205.11,202.08,204.55,35474
1731074400,204.57,204.97,199.42,199.6,67427
1731078000,199.63,202,198.4,200.99,83591
1731081600,200.98,201.54,196.96,197.06,52287
1731085200,197.05,199.52,196.22,199.09,34859
1731088800,199.15,202.12,198.51,199.6,51313
1731092400,199.56,201.57,199.5,199.52,27896
1731096000,199.53,200.21,197.63,198.41,20197
1731099600,198.41,199.1,197.09,198.8,13498
1731103200,198.79,199.67,198.28,198.9,14949
1731106800,198.93,199.96,198.19,199.8,9797
1731110400,199.88,200.13,198.65,199.66,18662
1731114000,199.62,200.1,198.6,199.38,15916
1731117600,199.38,199.85,197.18,199.52,22731
1731121200,199.49,200.25,198.18,199,16402
1731124800,198.97,200.06,198.97,199.58,9243
1731128400,199.58,201.79,199.42,200.88,35629
1731132000,200.83,202.39,200.38,200.87,33978
1731135600,200.85,200.87,199.59,200.28,17318
1731139200,200.28,202.54,199.9,201.41,34735
1731142800,201.36,202.57,201.31,201.73,17773
1731146400,201.73,203.38,201.31,202.94,20654
1731150000,202.96,203.07,201.4,202.19,25731
1731153600,202.16,202.52,200,200.05,19686
1731157200,200.02,201.03,199.38,199.55,17065
1731160800,199.54,199.6,197.41,198.19,38926
1731164400,198.24,198.74,197.33,198.41,17836
1731168000,198.36,198.69,196.53,196.79,17103
1731171600,196.79,198.07,194.58,198.04,40763
1731175200,198.01,198.95,197.77,198.83,8625
1731178800,198.75,199.58,197.46,197.91,24437
1731182400,197.66,198.64,197.38,198.52,11778
1731186000,198.49,199.39,198.02,198.33,7082
1731189600,198.33,200.13,198.11,200.09,22639
1731193200,200.11,202,199.59,199.92,33397
1731196800,199.95,201.83,198.72,200.51,23731
1731200400,200.57,200.72,198.77,200.14,19831
1731204000,200.16,204.95,200.07,202.43,81998
1731207600,202.41,203.3,201.36,201.46,31645
1731211200,201.39,205.5,200.93,205.04,68942
1731214800,205.07,209.15,204.42,206.98,125086
1731218400,207,207.42,204.74,205.73,44136
1731222000,205.77,206.76,204.99,205.04,21137
1731225600,205.04,205.57,204.05,205.31,26600
1731229200,205.32,206.33,204.73,205.33,22794
1731232800,205.31,206.25,204.55,205.48,22905
1731236400,205.4,207.49,204.8,206.71,34709
1731240000,206.68,207.77,203.48,205.55,54829
1731243600,205.55,206.9,204.86,206.73,28152
1731247200,206.7,209.64,204.46,206.65,71184
1731250800,206.62,213.55,205.66,212.35,106685
1731254400,212.38,212.9,209.04,211.26,52040
1731258000,211.23,215.53,210.72,212.9,60658
1731261600,212.92,215,212.05,212.42,67135
1731265200,212.44,213.27,206.24,208.58,100174
1731268800,208.56,209.63,202.57,202.67,132424
1731272400,202.7,208.39,199.82,207.48,113306
1731276000,207.5,214.23,206.73,210.73,53014
1731279600,210.8,211.4,208.71,210.27,19629
1731283200,210.29,211.35,209.65,210.88,35341
1731286800,210.93,212.66,209.63,210.67,37463
1731290400,210.73,211.9,209.7,211.7,26916
1731294000,211.7,211.75,208.37,210.18,26789
1731297600,210.15,210.43,206.4,208,28427
1731301200,208.05,208.25,204.19,206.13,50629
1731304800,206.11,208.22,205.05,207.13,28460
1731308400,207.03,208.71,206.53,208.03,16292
1731312000,208.02,209.48,206.66,208.81,19933
1731315600,208.83,211.31,208.08,211.17,44673
1731319200,211.25,216.88,211.04,215.71,73986
1731322800,215.73,217.68,214.68,217.58,47811
1731326400,217.58,219.4,215.17,215.99,68474
1731330000,216.02,217.2,214.38,217.1,42332
1731333600,217.04,221.21,216.37,218.82,105746
1731337200,218.82,220.65,217.4,219.02,74907
1731340800,219.03,222.31,217.68,218.02,66977
1731344400,218.02,220.61,217.53,219.14,30578
1731348000,219.14,219.76,216.62,219.4,45600
1731351600,219.42,221.22,216.35,217.86,54702
1731355200,217.83,223.39,217.61,218.81,45511
1731358800,218.88,221.26,217.85,219.02,42743
1731362400,219.02,220.5,216.71,220.36,35684
1731366000,220.37,224.2,219.69,222.25,90055
1731369600,222.28,222.7,215.37,220.58,87310
1731373200,220.61,221.69,218.47,219.13,53251
1731376800,219.12,220.03,215.5,217.87,51750
1731380400,217.99,221.05,216.64,220.83,44838
1731384000,220.8,221.73,218.74,218.74,45284
1731387600,218.7,220.46,216.41,218.01,36328
1731391200,218,221.18,217.71,220.05,41095
1731394800,219.92,222.02,218.81,221.93,32275
1731398400,221.94,225.19,220.82,225.07,66853
1731402000,225.09,225.48,216.01,216.03,120549
1731405600,216.05,217.76,209.07,213.57,145753
1731409200,213.52,216.1,211.24,211.55,56142
1731412800,211.5,214.42,207.36,209.29,71344
1731416400,209.26,210.64,205,209.9,112401
1731420000,209.85,213.6,207.11,213.5,80317
1731423600,213.49,213.84,210.09,210.76,36007
1731427200,210.77,212.84,206.84,211.78,65492
1731430800,211.8,212.9,209.73,209.92,17679
1731434400,209.8,214.57,209.8,213.46,17871
1731438000,213.43,215.57,213.02,213.35,25523
1731441600,213.33,214,211.77,213.09,14874
1731445200,212.97,213.77,210.21,213.1,17390
1731448800,213.15,215.65,211.8,215.29,12972
1731452400,215.25,215.3,211.58,211.8,19014
1731456000,211.79,213.36,210.45,210.71,27941
1731459600,210.7,212.11,208.24,210.64,34641
1731463200,210.51,210.87,204.13,207.5,38553
1731466800,207.49,208.31,203.2,203.33,37246
1731470400,203.28,205.78,200.86,205.37,58294
1731474000,205.29,207.4,203.87,204.6,36528
1731477600,204.69,206.54,201.8,202.38,44924
1731481200,202.44,205.82,201.46,205.25,37713
1731484800,205.28,207.17,203.89,205.93,25760
1731488400,205.9,208.1,205.31,206.4,17545
1731492000,206.37,208.53,205.74,207.3,15621
1731495600,207.35,209.38,206.93,207.75,22835
1731499200,207.72,208.45,206.04,207.51,14327
1731502800,207.54,215.36,206.41,212.5,86429
1731506400,212.42,217.35,209.94,216.72,90920
1731510000,216.72,217.23,211.61,216.46,41661
1731513600,216.48,218.41,212.66,217.27,40788
1731517200,217.3,220.59,216,219,41956
1731520800,219.01,220.21,216.73,219.61,30946
1731524400,219.72,220.4,210.2,210.86,90520
1731528000,210.86,214.4,208.12,211.7,45425
1731531600,211.74,212.07,205.86,210.13,60811
1731535200,209.98,214.43,209.45,213.01,19630
1731538800,213.01,215.45,211.9,215.08,31851
1731542400,215.14,215.69,213.03,213.24,21418
1731546000,213.2,216.1,212.02,216.02,23046
1731549600,216.03,216.3,213.17,214.88,17786
1731553200,214.86,219.47,212.76,219.38,31181
1731556800,219.4,220.18,216.86,219.97,28234
1731560400,219.86,220.04,217.35,218.86,20356
1731564000,218.76,220.69,215.81,215.81,31658
1731567600,215.8,219.01,215.07,218.16,23028
1731571200,218.07,220.99,217.63,219.41,21470
1731574800,219.32,222.82,219.32,221.72,46682
1731578400,221.73,222.1,217.04,217.42,26558
1731582000,217.43,217.85,213.57,216.15,59499
1731585600,216.12,217.58,215.15,216.4,24293
1731589200,216.35,217.85,213.53,214.36,39174
1731592800,214.3,218,210.39,210.53,74712
1731596400,210.53,213.59,208.86,210.91,64056
1731600000,210.9,217.15,209.9,217.06,46049
1731603600,217.01,217.08,214.43,215.43,15294
1731607200,215.39,216.83,213.58,214.48,31201
1731610800,214.55,216.13,214.35,215.62,4571
1731614400,215.27,215.52,211.98,213.55,19486
1731618000,213.52,215.27,212.21,214.48,11818
1731621600,214.57,214.8,210.09,212.13,19752
1731625200,212.06,212.7,206.82,209.47,61189
1731628800,209.51,212.84,209.26,209.76,52148
1731632400,209.73,211.03,208.33,209.94,33169
1731636000,210.02,210.69,208.04,210.32,16200
1731639600,210.23,210.73,208.96,209.12,12926
1731643200,209.12,209.22,204.51,205.92,54742
1731646800,205.91,208.72,204.97,208.56,25416
1731650400,208.54,210.48,208.52,209.89,19838
1731654000,209.98,210.67,209.15,209.2,11651
1731657600,209.19,211.34,207.83,211.34,22653
1731661200,211.32,213.49,211.03,213.01,34172
1731664800,213.04,213.9,212.37,213.41,12847
1731668400,213.38,213.7,212.27,213.58,17332
1731672000,213.62,215.1,212.68,213.98,29818
1731675600,213.99,214.99,213.14,214.71,15979
1731679200,214.74,215.29,210.22,211.31,39021
1731682800,211.21,211.27,206.71,208.34,33745
1731686400,208.26,211.29,208.07,209.54,22164
1731690000,209.45,212.43,209.33,210.79,16184
1731693600,210.7,211.38,208.97,210.66,11517
1731697200,210.7,213.56,210.36,212.29,20892
1731700800,212.31,216,212.16,215.98,22513
1731704400,215.98,219.52,215.45,218.76,34342
1731708000,218.75,219.76,217.56,218.2,20192
1731711600,218.28,220.65,218.14,218.38,25605
1731715200,218.42,218.57,215.9,217.07,18402
1731718800,217.17,218.98,216.96,218.41,14439
1731722400,218.44,219.89,218.1,218.79,12465
1731726000,218.78,221.59,218.6,221.32,28097
1731729600,221.31,221.77,219.71,219.95,23428
1731733200,219.89,221.83,219.48,220.94,15435
1731736800,220.92,220.92,218.46,218.59,25152
1731740400,218.59,220.14,218.58,218.9,13920
1731744000,218.88,219.64,217.94,219.31,14146
1731747600,219.33,219.77,217.5,217.61,12774
1731751200,217.56,219.13,217.31,218.4,24051
1731754800,218.34,218.96,216.65,218.96,16771
1731758400,218.98,221.86,216.18,219.24,50039
1731762000,219.21,221.2,217.76,217.95,32850
1731765600,217.9,219.22,216.6,217.14,19006
1731769200,217.26,217.48,213.71,215.02,38713
1731772800,215.05,216.03,213.44,214.49,15792
1731776400,214.34,216.29,213.76,215.57,9020
1731780000,215.59,216.92,215.06,216.53,6777
1731783600,216.53,217.01,215.84,216.3,3661
1731787200,216.25,216.92,214.74,215.39,3386
1731790800,215.42,217.14,214.99,216.96,3640
1731794400,217.01,217.4,214.19,214.23,7695
1731798000,214.24,216.28,214.06,215.77,8482
1731801600,215.72,218.61,215.62,217.7,23865
1731805200,217.56,219.55,214.25,216.22,32305
1731808800,216.17,217.35,212.13,216.19,46307
1731812400,216.16,221.45,215.06,221.4,46595
1731816000,221.4,235.94,221.4,235.06,195778
1731819600,235.04,239.34,234.2,236.44,74574
1731823200,236.58,239.78,235.55,239.35,38494
1731826800,239.39,239.68,236.48,237.19,25310
1731830400,237.23,242.39,237.23,237.74,77989
1731834000,237.69,238.77,235.81,238.15,37837
1731837600,238.15,241.27,237.48,240.67,27359
1731841200,240.67,241.67,234.07,234.91,52605
1731844800,234.82,236.09,231.63,234.77,48093
1731848400,234.73,234.93,229.66,231.54,48586
1731852000,231.45,234,230.95,233.43,28892
1731855600,233.42,235.25,232.34,233.99,25350
1731859200,234.14,234.75,232.12,233.5,42453
1731862800,233.54,234.83,231.57,233.82,16259
1731866400,233.81,234.34,231.16,232.76,10555
1731870000,232.75,235.63,231.7,235.39,10868
1731873600,235.42,237.39,233.87,236.01,16310
1731877200,235.98,236.8,232.77,233.01,10701
1731880800,233.01,235.87,231.57,234.94,13147
1731884400,234.71,238.35,233.31,237.37,25097
1731888000,237.36,238.46,233.95,235.03,25159
1731891600,235.07,240.03,234.36,237.51,27005
1731895200,237.53,240.02,237.24,239.62,12100
1731898800,239.65,244.34,237.23,244.1,57982
1731902400,244.09,245.27,240.65,242.45,60783
1731906000,242.62,244.43,241.49,243.14,28561
1731909600,243.13,243.78,241.31,242.06,34369
1731913200,242.1,242.64,239.57,242.1,48683
1731916800,242.07,243.23,239.86,242.7,22799
1731920400,242.67,245.49,241.24,244.69,36183
1731924000,244.61,248.37,243.49,247.25,56691
1731927600,247.28,247.39,241.58,242.46,48854
1731931200,242.5,244.3,241.31,242.96,17657
1731934800,242.93,243.82,238.45,238.77,54292
1731938400,238.65,244.99,238.14,241.77,36269
1731942000,241.74,245.13,240.43,243.49,58357
1731945600,243.48,244.13,238.38,240.07,63643
1731949200,240.01,242.45,237.36,239.87,36470
1731952800,239.92,241.83,237.22,238.62,29272
1731956400,238.7,238.9,234.29,236.5,43641
1731960000,236.5,240.58,235.89,238.88,39170
1731963600,238.83,240.96,238.2,238.39,13096
1731967200,238.37,240.72,238.37,239.5,4612
1731970800,239.6,240.37,237.78,239.87,10018
1731974400,239.87,241.07,237.65,239.65,22232
1731978000,239.64,240.81,238.51,238.73,9643
1731981600,238.71,241.48,238.33,241.44,11639
1731985200,241.46,243.6,240.53,240.6,23777
1731988800,240.67,241.17,238.83,239.98,19168
1731992400,240,242.35,239.43,241.23,11985
1731996000,241.11,243.28,240.77,243.28,17125
1731999600,243.28,244.49,242.62,243.37,22084
1732003200,243.38,245.34,242.95,244.59,29815
1732006800,244.62,246.3,241.91,244.95,25385
1732010400,245,246.04,244.41,245.96,18397
1732014000,245.99,247.06,245.45,246.09,30703
1732017600,246.09,247.6,244.63,245.28,26551
1732021200,245.25,245.51,239.89,240.04,51094
1732024800,240.07,240.85,238.49,239.63,48672
1732028400,239.67,241.34,238.53,240.65,25415
1732032000,240.63,242.47,240.19,242.08,16192
1732035600,242.11,243.4,240.76,243.06,19826
1732039200,243.04,244.7,242.06,243.62,27513
1732042800,243.66,244.6,242.27,243.61,9098
1732046400,243.7,244.29,238.55,239.67,20131
1732050000,239.7,240.46,234.33,236.61,44904
1732053600,236.48,237.37,233.5,235.59,21259
1732057200,235.5,238.02,234.92,237.73,25397
1732060800,237.67,237.82,235.51,236.99,11498
1732064400,236.98,238,234.34,234.91,22304
1732068000,234.96,235.19,232.41,232.97,50926
1732071600,232.98,233.97,230.56,233.86,35044
1732075200,233.86,234.07,231.59,233.7,13997
1732078800,233.68,235.15,232.66,234.96,22143
1732082400,234.99,235.7,234.35,234.69,15858
1732086000,234.86,236.37,234.14,235.95,15118
1732089600,235.9,238.8,235.52,237.5,25985
1732093200,237.56,238.4,236.64,237.59,15780
1732096800,237.53,238.34,236.55,236.73,8970
1732100400,236.76,238.27,234.77,237.5,33263
1732104000,237.5,238.55,235.47,236.4,21251
1732107600,236.41,238.78,235.41,238.38,29479
1732111200,238.44,242.49,237.91,239.99,59568
1732114800,240.08,240.56,235.8,238.32,29328
1732118400,238.14,239.07,232.42,234.74,45902
1732122000,234.67,235.6,231.73,231.84,19773
1732125600,231.82,234.2,231.1,233.16,25128
1732129200,233.09,233.34,231,232.99,23522
1732132800,232.95,235.5,231.74,235.05,21260
1732136400,234.96,238.01,234.33,236.57,21492
1732140000,236.67,237.99,235.13,236.4,8451
1732143600,236.43,237.31,234.8,235.42,9585
1732147200,235.42,238.32,234.85,237.66,12842
1732150800,237.69,238.64,236.32,236.37,15546
1732154400,236.33,236.5,229.62,232.15,53696
1732158000,232.15,236.84,231.7,235.8,35440
1732161600,235.86,241.74,235.6,240.31,53644
1732165200,240.36,241.95,238.17,238.99,33457
1732168800,239.11,239.23,236.71,238,26487
1732172400,238.04,242.72,238.02,241.37,45169
1732176000,241.42,242.59,240.74,241.96,10143
1732179600,242.14,243.38,241.44,241.76,19634
1732183200,241.79,242.73,240.26,241.83,15670
1732186800,241.8,242.54,239.92,239.92,23532
1732190400,239.96,246.15,239.95,242.4,59629
1732194000,242.38,248.6,242.38,245.33,55021
1732197600,245.33,253.28,242.64,251.72,86861
1732201200,251.78,252.6,243.52,249.01,135494
1732204800,249.01,255.4,248.45,254.81,50073
1732208400,254.82,259.07,253.37,257.43,64168
1732212000,257.42,259.39,256.26,258.38,33418
1732215600,258.35,259.99,253.55,254.07,45130
1732219200,254.06,257.04,253.1,254.43,25304
1732222800,254.39,255.69,253.05,253.3,17413
1732226400,253.39,255.76,253.39,255.1,17537
1732230000,255.12,257.65,254.97,256.49,16274
1732233600,256.56,258.86,254.11,254.53,25003
1732237200,254.62,257.45,252.5,255.23,25619
1732240800,255.23,259.73,255.21,258.2,36901
1732244400,258,264.54,257.1,262.61,56357
1732248000,262.63,262.9,260.22,261.03,24557
1732251600,260.95,262.78,259.75,260.74,20432
1732255200,260.68,261.33,258.05,259.37,22316
1732258800,259.39,260.94,258.72,259.48,29120
1732262400,259.45,261.13,258.77,260.08,22097
1732266000,259.95,260.2,258.42,258.69,20378
1732269600,258.65,259.22,256.73,257.36,15901
1732273200,257.35,259.71,256.4,259.47,18996
1732276800,259.44,260.55,258.66,260.11,22439
1732280400,260.09,260.09,253.09,255.16,82569
1732284000,255.24,257.26,252.71,253.62,39666
1732287600,253.6,256.9,253.14,256.55,25958
1732291200,256.54,256.58,254.12,255.5,12724
1732294800,255.39,256.26,254.12,254.6,11615
1732298400,254.63,255.24,251.44,253.09,25935
1732302000,253.11,255.43,251.61,254.19,41008
1732305600,254.19,255.57,253.43,255.3,13877
1732309200,255.33,258.11,253.68,257.45,30794
1732312800,257.45,257.62,254.64,254.97,12095
1732316400,255.08,257.09,254.63,257.07,6482
1732320000,257.09,257.92,255.47,255.69,19579
1732323600,255.61,257.97,254.7,256.75,19014
1732327200,256.79,256.88,253.46,254.45,14908
1732330800,254.42,257.51,253.67,257.37,18705
1732334400,257.37,264.2,257.06,262.27,67430
1732338000,262.22,263.64,258.27,260.05,23928
1732341600,260.11,260.5,258.73,259.36,9481
1732345200,259.33,260.7,257.66,258.45,17025
1732348800,258.44,259.68,257.74,258.22,13864
1732352400,258.23,259.3,257.62,258.4,7999
1732356000,258.38,259.05,256.56,256.95,16358
1732359600,256.96,257.57,256.01,256.35,12828
1732363200,256.22,258.51,256.1,257.75,15343
1732366800,257.77,260.44,257.77,260.01,20698
1732370400,260.02,263.46,259,262.97,74181
1732374000,262.97,263.71,259.66,259.87,29285
1732377600,259.82,260.58,254.72,256.87,67731
1732381200,256.88,258.44,255.04,257.44,37066
1732384800,257.4,257.4,255.6,256.41,8063
1732388400,256.35,256.97,254.33,254.65,16058
1732392000,254.64,255.7,252.9,255.7,21274
1732395600,255.68,255.99,254.35,255.62,11193
1732399200,255.59,256.3,254.7,255.21,9379
1732402800,255.12,255.59,253.1,255.12,17023
1732406400,255.16,258.66,254.69,258.4,16723
1732410000,258.47,260.05,258.11,258.96,16191
1732413600,258.91,259.73,258.41,258.6,13086
1732417200,258.61,259.34,257.46,258.84,14558
1732420800,258.83,259.44,255.87,257.19,23079
1732424400,257.14,257.53,254.44,255.45,18848
1732428000,255.4,256.78,254.43,256.4,14299
1732431600,256.47,256.97,255.69,256.89,6131
1732435200,256.88,257.05,254.16,254.29,20836
1732438800,254.44,255.57,253.31,254.68,21301
1732442400,254.74,254.85,251.26,252.2,55744
1732446000,252.18,252.55,248.22,248.65,46753
1732449600,248.58,250.44,241.07,245.01,64480
1732453200,244.98,248.6,243.64,248.01,39242
1732456800,247.88,247.99,244.71,247.49,23488
1732460400,247.49,247.96,244.28,244.36,21149
1732464000,244.32,248.86,243.89,247.02,24208
1732467600,247,248.3,245.54,247.75,9594
1732471200,247.63,250.62,247.32,249.99,24904
1732474800,249.94,250.1,247.88,248.97,4251
1732478400,248.71,251.39,248.37,250.98,14066
1732482000,250.99,251.59,249.72,251.27,8567
1732485600,251.09,253.6,250.94,253.59,9579
1732489200,253.6,254.92,252.43,252.81,26960
1732492800,252.87,253.37,250.62,251.24,11170
1732496400,251.19,251.56,245.75,248.86,17859
1732500000,248.73,251.71,248.61,250.14,11359
1732503600,250.26,252.83,249.89,252.52,8584
1732507200,252.58,253.98,252.09,252.58,10737
1732510800,252.63,254.25,252.61,253.33,16672
1732514400,253.31,254.15,251.83,252.07,8522
1732518000,252.07,254.24,251.82,253.42,13562
1732521600,253.44,255.33,253.19,254.92,16076
1732525200,254.87,256.89,254.8,255.04,19849
1732528800,254.99,255.87,253.28,254.13,22755
1732532400,254.13,254.18,251.45,252.44,20761
1732536000,252.43,252.77,250.41,251.35,15043
1732539600,251.39,252.01,246.85,248.24,46065
1732543200,248.26,249.22,242.37,242.42,95095
1732546800,242.43,247.63,235.17,245.2,103376
1732550400,245.27,246.47,241.71,243.25,32063
1732554000,243.26,243.34,237.57,240.17,26097
1732557600,240.15,242.36,239,240.12,14561
1732561200,240.21,241.27,237.9,239.93,10681
1732564800,239.89,241.35,238.66,240.13,15635
1732568400,240.12,241.05,235.6,239,32329
1732572000,238.89,238.89,231.26,236.95,46053
1732575600,236.89,238.06,233.9,234.44,19167
1732579200,234.36,238.95,233.82,235.58,46714
1732582800,235.59,238.15,235.51,237.75,17048
1732586400,237.69,239.75,237.34,238.94,16966
1732590000,238.98,239,236.28,237.77,10602
1732593600,237.56,238.11,236.19,237.42,14171
1732597200,237.44,238.95,236.78,238.91,8591
1732600800,238.9,239.86,237.89,238.48,10462
1732604400,238.47,238.47,235.11,235.89,24816
1732608000,235.86,236.08,230.86,232.81,74195
1732611600,232.85,236.7,232.51,234.11,26230
1732615200,234.12,234.99,227.01,227.22,41080
1732618800,227.22,228.55,221.79,227.88,108749
1732622400,227.8,229.73,225.92,227.73,36679
1732626000,227.77,229.72,226.17,227.97,17840
1732629600,227.99,232.58,225.9,230.81,39910
1732633200,230.95,231.8,227.4,227.4,20427
1732636800,227.48,232.55,226.86,231.79,28758
1732640400,231.86,231.9,229.83,230.22,20449
1732644000,230.31,230.35,223.44,225.84,32826
1732647600,225.95,229.12,225.42,229.07,27617
1732651200,229.05,231.82,227.42,230.87,30561
1732654800,230.73,231.62,229.04,230.38,21500
1732658400,230.36,232.24,229.83,229.97,10333
1732662000,230.01,231.32,229.57,230.77,8806
1732665600,230.75,232.79,229.3,229.58,13004
1732669200,229.64,232.34,228.19,232.14,13958
1732672800,232.38,233.78,230.05,233.77,16684
1732676400,233.68,233.77,231.3,231.6,20284
1732680000,231.59,233.8,229.82,230.11,22555
1732683600,230.14,230.21,227.62,228.85,15704
1732687200,228.85,231.96,228.81,230.65,12147
1732690800,230.65,235.06,230.46,234.35,23424
1732694400,234.36,234.43,233.09,233.46,14096
1732698000,233.53,233.9,232.13,233.66,10550
1732701600,233.71,237.15,232.8,235.91,24532
1732705200,235.94,236.37,234.19,235.01,21120
1732708800,235.02,235.28,232.69,234.69,22485
1732712400,234.73,237.81,234.07,237.81,38144
1732716000,237.81,239.8,236.49,239.41,33666
1732719600,239.37,240.92,237.53,240.48,49460
1732723200,240.57,241.16,238.21,238.7,24794
1732726800,238.68,240.03,237.74,239.79,17657
1732730400,239.74,240.52,239,239.48,14775
1732734000,239.47,240.4,238.67,239.06,7106
1732737600,239.09,243.08,238.82,241.75,30520
1732741200,241.8,242.51,239.44,240.1,13580
1732744800,240.12,242.18,239.85,240.72,11662
1732748400,240.84,243.41,240.32,242.05,13237
1732752000,242.08,245.34,240.64,245.14,26331
1732755600,245.16,245.16,242.16,243.58,13649
1732759200,243.68,245,241.9,242.15,11826
1732762800,242.2,242.9,238.15,240.11,31647
1732766400,240.08,241.23,239.29,240.22,9557
1732770000,240.27,240.88,237.8,238.4,12684
1732773600,238.41,238.97,236.72,238.53,14483
1732777200,238.54,239.64,237.44,238.08,6090
1732780800,238.17,239.23,236.73,238.75,13197
1732784400,238.74,238.9,235.76,235.82,12337
1732788000,235.85,236.87,234.44,235.68,16455
1732791600,235.72,237.63,234.57,236.97,14565
1732795200,236.93,237.35,234.9,235.96,12071
1732798800,235.96,236.92,234.13,236.55,22511
1732802400,236.57,237.78,234.81,235.36,13274
1732806000,235.35,236.08,232.94,233.13,26292
1732809600,233.23,235.83,233.21,234.82,30389
1732813200,234.87,236.44,234.87,235.23,10173
1732816800,235.29,237.09,235.29,236.73,7349
1732820400,236.71,236.81,234.66,235.52,4558
1732824000,235.57,236.23,234.94,235.74,1974
1732827600,235.88,236.74,235.56,235.87,5569
1732831200,235.89,238.04,235.72,238,8782
1732834800,238,238.42,236.93,237.66,8141
1732838400,237.67,238.8,236.75,236.97,8848
1732842000,236.95,238.41,236.59,238.09,7022
1732845600,238.08,241.62,238.06,241.56,15194
1732849200,241.59,243.16,241.22,242.01,15736
1732852800,242.02,242.19,240.26,240.56,8501
1732856400,240.59,242.23,240.18,240.6,10354
1732860000,240.66,241.32,239.75,240.8,12234
1732863600,240.76,241.64,237.62,237.71,20724
1732867200,237.69,239.24,237.65,239.07,15642
1732870800,239.04,240.93,238.83,240.49,8786
1732874400,240.54,241.86,240.33,241.81,13754
1732878000,241.8,245.49,241.53,245.24,29377
1732881600,245.26,246.79,242.19,243.16,35332
1732885200,243.15,243.88,242.51,243.58,12528
1732888800,243.61,245.12,242.68,245.12,20831
1732892400,245.14,246.72,242.64,243.56,31072
1732896000,243.62,244.66,242.06,242.07,21258
1732899600,242.05,242.4,240.35,240.39,17101
1732903200,240.38,242.55,240.14,242.01,15297
1732906800,242.05,242.05,240.22,241.17,7320
1732910400,241.26,242.93,241.07,242.61,3866
1732914000,242.63,244.45,242.37,244.45,7247
1732917600,244.38,245.4,243.93,243.93,11069
1732921200,243.92,244.94,243.23,243.42,7107
1732924800,243.38,243.38,240.29,240.74,16992
1732928400,240.7,241.43,239.24,240.41,17543
1732932000,240.38,242.21,240.11,242.05,10829
1732935600,242.03,243.38,241.24,243.03,8353
1732939200,243.07,243.37,242.06,242.34,7239
1732942800,242.35,244.05,241.71,243.82,23231
1732946400,243.81,244.96,242.29,242.79,17833
1732950000,242.87,245.28,242.19,244.36,13714
1732953600,244.43,245.51,243.56,244.28,11894
1732957200,244.26,245.04,243.3,243.92,10664
1732960800,243.71,244,240.3,240.5,15073
1732964400,240.51,242.32,240.16,241.66,9834
1732968000,241.58,243.25,241.3,242.56,9003
1732971600,242.58,242.82,240.65,240.74,9460
1732975200,240.72,241.85,239.08,239.31,20178
1732978800,239.35,240.43,238.8,240.09,14743
1732982400,240.07,240.75,239.27,240.31,6910
1732986000,240.28,240.33,239.04,240.08,7544
1732989600,240.07,240.43,239.04,240,10935
1732993200,239.8,240.61,239.19,240.11,6096
1732996800,240.07,241.25,239.81,241.13,5174
1733000400,241.13,241.4,240.48,240.81,6017
1733004000,240.77,240.79,238.02,238.55,14886
1733007600,238.54,239.44,237.67,237.73,12979
1733011200,237.73,240.07,237.36,237.76,23180
1733014800,237.81,239.89,236.68,237.07,21409
1733018400,237.07,237.64,234.28,234.73,32917
1733022000,234.74,236.68,234.66,235.85,13784
1733025600,235.86,237.08,235.18,236.97,6868
1733029200,236.93,236.95,235.52,235.52,9460
1733032800,235.56,236.66,235.29,235.8,5548
1733036400,235.84,236.71,235.45,235.7,9296
1733040000,235.7,238.98,235.57,238.71,18517
1733043600,238.73,238.86,237.2,237.77,10343
1733047200,237.78,237.85,235.71,236.34,7868
1733050800,236.34,237.5,236.25,237.31,4601
1733054400,237.35,237.62,236.73,237.19,5243
1733058000,237.18,238.64,236.39,238.05,10388
1733061600,238.09,238.94,237.08,238.3,10357
1733065200,238.31,239.49,237.32,238.67,17365
1733068800,238.71,239.59,238.13,238.28,13665
1733072400,238.25,238.25,236.46,237.23,10997
1733076000,237.21,237.8,236.1,236.32,6294
1733079600,236.33,237.18,235.2,236.51,11572
1733083200,236.51,236.83,234.5,235.91,10557
1733086800,235.92,237.8,235.38,237.39,11143
1733090400,237.47,239.03,236.62,238.56,11692
1733094000,238.56,239.38,236.76,237.09,11911
1733097600,237.1,237.34,234.71,235.25,27779
1733101200,235.21,238.22,234.87,238.09,32821
1733104800,238.09,238.55,233.65,234.35,34667
1733108400,234.31,234.95,228.12,228.61,79467
1733112000,228.54,230.78,226.47,229.59,66015
1733115600,229.59,230.5,228.13,228.71,22606
1733119200,228.69,228.95,226.11,228.58,28388
1733122800,228.62,229.37,227.09,228.82,28210
1733126400,228.81,229.04,223.15,226,64854
1733130000,225.98,228.16,225.49,228.14,18272
1733133600,228.12,228.16,223.17,223.87,49288
1733137200,223.85,225.58,223.25,225.02,27855
1733140800,225,225.71,221.93,222.41,43539
1733144400,222.39,226.08,221.93,226.08,44134
1733148000,226.09,227.93,224.71,225.95,26567
1733151600,225.97,229.8,224.72,229.38,46229
1733155200,229.43,230.19,224.57,226.48,57187
1733158800,226.52,227.38,220.16,220.7,67153
1733162400,220.71,224.56,220.6,223.75,25848
1733166000,223.71,224.23,220.79,224.23,18497
1733169600,224.25,225.3,222.38,223.21,24710
1733173200,223.14,223.84,221.49,222.47,19083
1733176800,222.45,224.87,221.93,224.82,18829
1733180400,224.6,226.08,224.31,225.99,11056
1733184000,225.96,226.85,224.69,226.06,22411
1733187600,226,226.85,224.18,224.27,27178
1733191200,224.25,229.56,223.42,228.48,39267
1733194800,228.44,228.78,227.32,228.21,11803
1733198400,228.15,229.51,227.56,228.67,18106
1733202000,228.68,228.84,227.35,228.39,17679
1733205600,228.35,231.19,226.37,227.44,33203
1733209200,227.33,228.13,225.31,227.14,37593
1733212800,227.13,228.73,225.97,227.17,15350
1733216400,227.15,227.18,224.38,225.19,25198
1733220000,225.12,226.31,223.13,223.59,13767
1733223600,223.47,226.21,223.3,225.8,15856
1733227200,225.77,225.92,224.14,224.59,11120
1733230800,224.54,224.98,215.87,218.4,88712
1733234400,218.37,224.7,215.04,224.45,106703
1733238000,224.42,226.45,222.14,223.42,63433
1733241600,223.42,225.31,221.73,223.16,25389
1733245200,223.14,224.89,220.51,224.87,18726
1733248800,224.81,227.78,223.99,227.23,15707
1733252400,227.11,228.58,224.8,228.26,23896
1733256000,228.38,230.32,227.91,228.81,29968
1733259600,228.8,239.78,228.02,237.63,99779
1733263200,237.66,237.95,234.57,236.97,39360
1733266800,236.99,237.03,233.69,234.07,38296
1733270400,234.14,239.73,234.14,237.72,33104
1733274000,237.62,239.77,235.81,239.25,40498
1733277600,239.31,240.7,235.25,236.08,30989
1733281200,236,239.16,235.84,237.84,15912
1733284800,237.84,238.44,236.73,237.9,9796
1733288400,237.93,241.03,237.71,238.08,42743
1733292000,238.08,238.5,236.02,237.93,22522
1733295600,237.96,238.06,236.42,236.83,10964
1733299200,236.86,237.56,235.12,235.89,26866
1733302800,235.94,237.5,235.58,235.81,16550
1733306400,235.8,238.15,235.53,236.92,13606
1733310000,236.92,237.56,235.8,236.26,12551
1733313600,236.21,236.36,231.86,232.91,36727
1733317200,232.88,233.71,230.84,231.45,22484
1733320800,231.43,233.95,230.1,232.56,26555
1733324400,232.47,235.35,230.78,233.96,34458
1733328000,233.99,234.28,225.01,225.9,62882
1733331600,225.9,229.53,224.79,229.29,46285
1733335200,229.3,231.23,228.36,230.25,20733
1733338800,230.08,233.05,229.79,232.85,10501
1733342400,232.94,236.48,230.34,232.92,34413
1733346000,232.9,234.67,229.64,229.64,22153
1733349600,229.8,231.9,229.13,229.29,11957
1733353200,229.32,229.65,226.02,229.41,32024
1733356800,229.38,229.95,226.24,226.47,17424
1733360400,226.41,227,223.13,225.96,42337
1733364000,225.94,235.6,225.62,231.76,70931
1733367600,231.8,238.88,231.79,233.19,90389
1733371200,233.19,238.62,232.95,236.98,36398
1733374800,237.01,237.55,233.33,235.18,31121
1733378400,235.19,235.74,231.62,233.78,42154
1733382000,233.8,235.23,233.47,234.13,19265
1733385600,234.18,236.8,233.83,235.94,19292
1733389200,235.92,237.91,234.89,237.87,26836
1733392800,237.8,239.65,237.01,237.11,33248
1733396400,237.06,242.71,236.81,242.13,43846
1733400000,242.13,245.1,241.32,241.63,81013
1733403600,241.57,242.38,239.65,240.52,25510
1733407200,240.44,241.62,238.37,241.16,32406
1733410800,241.22,242.05,236.46,239.3,55338
1733414400,239.3,243.21,237.8,239.78,44426
1733418000,239.8,241.01,238.98,240.25,10053
1733421600,240.26,240.47,236.31,236.78,29162
1733425200,236.71,237.31,232.56,233.36,42046
1733428800,233.25,234.02,229.67,233.21,63972
1733432400,233.21,234.4,232.29,234.02,20785
1733436000,234,235.26,224.96,235.26,93384
1733439600,235.27,240.83,233.09,236.04,98570
1733443200,236.07,242.99,234.61,242.8,54434
1733446800,242.81,247.21,239.71,244,75495
1733450400,244,244.29,242.06,242.88,27900
1733454000,242.95,242.95,238.42,242.08,48190
1733457600,242.25,243.05,240.23,241.31,21006
1733461200,241.15,242.07,238.63,238.76,20392
1733464800,238.87,239.87,237.87,239,33769
1733468400,239,239.54,238.09,239.49,18961
1733472000,239.5,240.64,238.04,238.04,19229
1733475600,238,238.13,235.23,235.7,36010
1733479200,235.67,236.28,234.15,235.85,18500
1733482800,235.87,236.27,233.73,234.23,16058
1733486400,234.19,235.54,231.07,231.36,29294
1733490000,231.47,235.15,231.03,234.64,41582
1733493600,234.71,238.16,233.54,238.11,33946
1733497200,238.1,239.98,236.27,238.23,48180
1733500800,238.19,239.13,237.18,239,17783
1733504400,239,240.62,238.44,239.25,32159
1733508000,239.27,240.41,238.64,239.13,19556
1733511600,239.15,240.29,238.8,239.92,10945
1733515200,239.95,240.94,237.74,238.43,14249
1733518800,238.51,239.49,237.77,237.79,10800
1733522400,237.85,238.8,237.21,237.66,8200
1733526000,237.64,238.28,235.52,237,20771
1733529600,237.07,237.65,235.71,236.67,20658
1733533200,236.66,237.29,235.01,235.73,15663
1733536800,235.73,236.81,235.22,236,15911
1733540400,236.02,236.35,234.31,235.15,18944
1733544000,235.08,235.8,234.52,235.63,10132
1733547600,235.54,236.35,235.11,235.61,8343
1733551200,235.55,236.25,234.87,236.13,5145
1733554800,236.17,236.79,235.54,236.36,10037
1733558400,236.41,236.68,235.23,236.14,8188
1733562000,236.14,238.99,236.13,238.94,17618
1733565600,238.94,239.54,237.35,238.59,16813
1733569200,238.67,239.47,238.23,238.36,10723
1733572800,238.33,238.94,237.42,238.42,8864
1733576400,238.41,239.69,237.74,239.51,24991
1733580000,239.52,243,237.8,242.8,40008
1733583600,242.85,243.38,239.88,240.95,36619
1733587200,241.03,242.46,239.04,242.2,20592
1733590800,242.19,242.34,239.93,241.19,13957
1733594400,241.19,242.55,240.32,242.06,20482
1733598000,242.33,242.73,240.53,241.8,11932
1733601600,241.85,243.24,240.79,241.39,19971
1733605200,241.4,243.24,240.26,241.61,21654
1733608800,241.91,243.8,238.54,238.86,22728
1733612400,238.84,240.38,238.06,238.3,17802
1733616000,238.31,239.73,237.82,239.29,13039
1733619600,239.31,240.32,238.6,239.44,6398
1733623200,239.52,241.63,239.44,241.37,9377
1733626800,241.43,241.76,240.41,240.93,9756
1733630400,240.89,241.31,238.57,238.6,12385
1733634000,238.61,239.26,236.8,237.46,18578
1733637600,237.42,238.75,236.79,238.24,10529
1733641200,238.31,239.1,237.56,237.79,7844
1733644800,237.76,237.93,235.07,235.11,26305
1733648400,235.12,236.27,233.4,234.12,25828
1733652000,234.12,235.75,234.06,235.36,16169
1733655600,235.37,236.64,234.95,236.13,16662
1733659200,236.1,236.9,234.86,236.25,16130
1733662800,236.26,237.86,235.56,237.53,18279
1733666400,237.53,237.68,235.92,235.97,13974
1733670000,236,237.72,234.62,237.53,16537
1733673600,237.51,237.88,235.75,236.05,16208
1733677200,236.06,236.9,235.19,236.8,9642
1733680800,236.84,236.97,235.27,235.37,4351
1733684400,235.31,236.91,234.21,236.72,12621
1733688000,236.73,236.85,235.42,235.5,2258
1733691600,235.51,236.06,234.8,235.89,5697
1733695200,235.87,236.96,235.55,236.91,3702
1733698800,236.85,237.98,236.09,237.19,18892
1733702400,237.24,237.48,233.22,234,37060
1733706000,233.88,235.04,232,232.51,31863
1733709600,232.49,233.15,231.12,232.2,21903
1733713200,232.13,233.02,230.41,232.03,16506
1733716800,232.02,232.84,230.84,232.8,14868
1733720400,232.73,233.04,232.04,232.77,5748
1733724000,232.73,232.8,230.46,230.7,14474
1733727600,230.7,232.5,228.43,231.8,40459
1733731200,231.76,231.97,226.56,226.78,30965
1733734800,226.81,228.26,225.66,227.03,32434
1733738400,227.08,228.26,226.64,228.18,15272
1733742000,228.13,228.13,225.55,226.24,16331
1733745600,226.16,228.01,225.18,227.87,19159
1733749200,227.84,229.93,226.96,229.16,15961
1733752800,229.26,231.91,228.34,230.83,20709
1733756400,230.88,231.73,223.26,224.49,95092
1733760000,224.52,226.34,223.5,224.75,26661
1733763600,224.72,225.84,223.31,223.31,15364
1733767200,223.33,225.35,223.33,224.6,6809
1733770800,224.57,224.57,221.82,222.13,23651
1733774400,222.17,225.67,218.54,219.6,71072
1733778000,219.51,220.64,201.08,217.99,214374
1733781600,217.97,218.73,204.47,217.84,118474
1733785200,217.8,219.55,216.06,216.62,43027
1733788800,216.6,221,213.61,217.75,62184
1733792400,217.74,219.38,215.84,218.89,27257
1733796000,218.91,218.93,212.85,212.87,45244
1733799600,212.95,215.82,206.96,215.8,93180
1733803200,215.76,216.43,212.2,216.17,54229
1733806800,216.23,216.87,214.48,216.32,24365
1733810400,216.34,218.68,215.52,218.15,23627
1733814000,218.12,218.12,215.82,217.34,14097
1733817600,217.34,217.84,215.44,217.15,17846
1733821200,217.23,218.56,216,217.03,23680
1733824800,216.99,218.4,216.92,217.21,14314
1733828400,217.02,217.36,215.12,216.22,12319
1733832000,216.34,216.72,210.17,211.31,44911
1733835600,211.4,215.33,211.12,214.44,35619
1733839200,214.47,218.55,214.34,216.56,64781
1733842800,216.54,217.77,206.24,206.5,118446
1733846400,206.49,211.37,204.87,210.7,160343
1733850000,210.77,211.21,203.65,203.7,117297
1733853600,203.71,210.87,203.12,209.16,71021
1733857200,209.26,212.68,208.95,212.05,20473
1733860800,212.01,213.68,211.19,213.43,13764
1733864400,213.48,216.2,212.77,213.09,29551
1733868000,213.16,214.77,212.54,214.39,7166
1733871600,214.4,215.13,212.9,213.54,9760
1733875200,213.53,215.5,211.39,214.91,29973
1733878800,214.94,216.4,211.57,211.96,44952
1733882400,212.01,216.98,211.58,215.88,26014
1733886000,215.78,219.32,215.74,219.28,21617
1733889600,219.36,219.85,217.79,218.64,17396
1733893200,218.61,218.99,216.78,218.27,7909
1733896800,218.28,220.25,217.84,219.64,13838
1733900400,219.67,220.16,218.18,218.3,12234
1733904000,218.41,222.85,218.19,221.8,30751
1733907600,221.92,222.72,220.45,222.54,16854
1733911200,222.5,223.91,222.43,223.87,21162
1733914800,223.81,225.32,223.18,224.67,23548
1733918400,224.67,226.53,224.15,224.72,21977
1733922000,224.75,227.35,223.88,226.41,35333
1733925600,226.3,227.47,224.81,227.15,31339
1733929200,227.23,230.24,227.16,228.32,37016
1733932800,228.35,230.45,228.2,229.26,32586
1733936400,229.24,230.24,227.3,227.91,21126
1733940000,227.91,228.85,227.15,228.35,13613
1733943600,228.39,229.82,227.83,229.62,9644
1733947200,229.65,230.52,228.33,228.87,12176
1733950800,228.91,229.29,228.13,228.88,5659
1733954400,228.88,229.33,227.76,228.19,7947
1733958000,228.16,228.51,226.66,227.12,16034
1733961600,227.18,227.7,226.28,227.16,13197
1733965200,227.19,227.69,225.54,225.96,16335
1733968800,225.99,229.39,225.93,229.08,16162
1733972400,228.99,231.92,227.63,230.26,29101
1733976000,230.29,231.32,228.89,229.79,14091
1733979600,229.79,232.85,229.44,231.32,28911
1733983200,231.22,231.67,229.11,230.1,15382
1733986800,230.13,231.44,229.69,229.92,9853
1733990400,229.91,232.56,229.87,232.19,16299
1733994000,232.19,233.37,231.61,231.62,12120
1733997600,231.68,231.73,229.07,229.99,28638
1734001200,229.98,230.22,228.22,229.5,16202
1734004800,229.52,231.66,229.51,231.3,13055
1734008400,231.25,232.53,228.5,229.83,46874
1734012000,229.81,233.18,229.13,232.41,46112
1734015600,232.42,232.5,230.03,231.21,34117
1734019200,231.19,233.36,230.41,230.59,31251
1734022800,230.62,234.18,230.6,233.88,21484
1734026400,233.89,234.57,231.02,231.32,22256
1734030000,231.35,231.59,226.43,227.17,65246
1734033600,227.11,229.64,227.04,228.64,18545
1734037200,228.63,228.74,226.71,227.44,14907
1734040800,227.46,228.32,225.56,228.02,23519
1734044400,228.11,228.24,226.43,226.82,14845
1734048000,226.8,228.25,226.44,227.02,10435
1734051600,227,227.04,224.16,226.07,25763
1734055200,226.1,228.31,225.71,227.2,16811
1734058800,227.24,227.85,226.53,227.11,9532
1734062400,227.12,227.44,225.39,225.89,12833
1734066000,225.83,226.77,225.5,225.59,10365
1734069600,225.54,226.58,223.92,224.01,26997
1734073200,224.01,225.14,223.11,224.75,23276
1734076800,224.7,226.18,223.84,226.05,14024
1734080400,226.07,226.44,224.21,225.25,8191
1734084000,225.27,226.49,224.04,226.05,9811
1734087600,226.06,227.15,225.45,225.51,6469
1734091200,225.52,226.6,224.92,225.44,5773
1734094800,225.49,225.49,222.5,223.42,26533
1734098400,223.48,224.38,222.04,223.9,17571
1734102000,223.96,226.15,220.61,221.07,51386
1734105600,220.97,223.04,220.54,221,53020
1734109200,221,223.85,220.87,223.33,38224
1734112800,223.31,223.52,221.3,222.08,38479
1734116400,222.09,223.48,221.78,223.23,24354
1734120000,223.24,224.58,223.09,223.9,24829
1734123600,223.89,224.16,223.06,223.7,18464
1734127200,223.7,224.28,223.09,223.62,19140
1734130800,223.57,224.84,223.22,224.68,15297
1734134400,224.66,225.17,223.62,224.38,11936
1734138000,224.3,226.96,224.27,225.53,24900
1734141600,225.52,226.08,224.82,225.8,12805
1734145200,225.81,226.42,225.46,226.09,6520
1734148800,226.12,226.2,225.12,225.37,6003
1734152400,225.34,226.13,225.03,226.11,4052
1734156000,226.1,227.35,225.92,226.58,6945
1734159600,226.57,226.94,225.74,225.87,7844
1734163200,225.96,226.68,225.52,226.35,7309
1734166800,226.36,226.6,225.43,225.88,5676
1734170400,225.93,225.98,224.62,224.89,6049
1734174000,224.86,225.25,224.06,224.29,4824
1734177600,224.29,224.55,222,222.29,13646
1734181200,222.27,222.59,220.34,220.75,21832
1734184800,220.78,222.25,220.63,221.71,6868
1734188400,221.7,223.31,221.38,222.44,9273
1734192000,222.43,222.44,220.25,221.54,13539
1734195600,221.5,221.99,217.96,218.29,27045
1734199200,218.2,219.12,217.4,217.7,10697
1734202800,217.71,218.41,216.62,218.02,7038
1734206400,217.8,218.5,215.1,215.55,10560
1734210000,215.6,217.68,215.45,217.32,6624
1734213600,217.22,218.52,216.5,217.93,4315
1734217200,217.97,220.8,217.68,219.78,21810
1734220800,219.82,220.48,218.78,219.68,7386
1734224400,219.72,221.44,219.56,221.17,8348
1734228000,221.13,221.67,220.78,220.88,9053
1734231600,220.89,221.08,219.33,219.35,7578
1734235200,219.35,221.81,219.25,220.25,22259
1734238800,220.18,221.25,219.97,220.04,7116
1734242400,220.1,220.2,218.15,218.22,8360
1734246000,218.24,218.73,215.61,217.15,14661
1734249600,217.15,218.65,216.41,218.53,8921
1734253200,218.49,219.42,217.93,219.26,9678
1734256800,219.29,220.09,218.09,218.1,9617
1734260400,218.1,218.66,217.68,218.39,7448
1734264000,218.36,219.94,217.36,219.55,17470
1734267600,219.63,220.53,218.06,219.38,37691
1734271200,219.49,221.43,219.33,221.34,17199
1734274800,221.3,221.39,219.95,220.84,6438
1734278400,220.85,222.4,220.52,222.09,15058
1734282000,222.14,222.18,220.89,221.33,4432
1734285600,221.29,221.37,220.4,220.9,4223
1734289200,220.88,221.98,220.88,221.2,9153
1734292800,221.18,221.44,220.3,220.42,3400
1734296400,220.37,220.52,216.49,216.78,18381
1734300000,216.78,219.66,216.15,219.26,13164
1734303600,219.25,225.43,219.21,224.18,69517
1734307200,224.25,227.43,223.4,225.91,68836
1734310800,225.88,227.1,225.17,225.45,25300
1734314400,225.59,225.73,221.97,222.28,22008
1734318000,222.23,222.87,220.39,221.18,21579
1734321600,221.16,222.12,220.73,221.39,9249
1734325200,221.3,222.4,220.53,222.3,10044
1734328800,222.28,223.38,221.77,222.65,8674
1734332400,222.61,223.83,222.28,223.07,8358
1734336000,223.1,223.29,219.8,219.9,18715
1734339600,219.96,220.34,218.35,218.45,19263
1734343200,218.48,218.65,217.13,217.63,15716
1734346800,217.54,217.9,213.58,214.09,37281
1734350400,214.1,215.74,213.63,214.36,28387
1734354000,214.31,216.47,213.17,216.22,24121
1734357600,216.27,218.04,215.68,216.45,37182
1734361200,216.61,218.07,215.7,216.96,18741
1734364800,216.99,219.6,216.83,218.51,25590
1734368400,218.53,221.09,218.53,219.42,25107
1734372000,219.41,221.78,218.25,221.71,22591
1734375600,221.73,221.79,218.05,218.34,13298
1734379200,218.36,218.52,216.13,216.43,19677
1734382800,216.49,218.81,216.48,218.76,10662
1734386400,218.73,218.99,217.31,217.89,6730
1734390000,217.89,218.37,215.88,216.19,13452
1734393600,216.19,216.69,211.75,211.75,44289
1734397200,211.74,214.84,210.86,214.24,37963
1734400800,214.26,215.34,213.64,213.91,11497
1734404400,213.92,215.68,213.86,215.39,13575
1734408000,215.5,215.68,213.04,214.33,20434
1734411600,214.25,215.23,213.06,215,16910
1734415200,215.01,215.52,213.79,215.15,17736
1734418800,215.23,216.51,214.93,215.5,26856
1734422400,215.54,217.67,215.49,217.11,22051
1734426000,217.16,222.33,216.83,221.8,43178
1734429600,221.96,223.75,221.44,222.8,36846
1734433200,222.88,223.39,221.08,221.59,19491
1734436800,221.61,227.5,221.05,227.13,44235
1734440400,227.14,227.44,223.18,223.68,25996
1734444000,223.6,223.83,219.36,222.15,43162
1734447600,222.01,222.04,216.94,220.46,44391
1734451200,220.45,227.27,219.83,226.95,62274
1734454800,226.95,228.34,225.09,227.4,29518
1734458400,227.33,228.95,225.92,227.83,33059
1734462000,227.78,228.76,226.16,227.43,21399
1734465600,227.47,228.49,225.94,226.35,26123
1734469200,226.32,226.71,224.77,225.62,19270
1734472800,225.52,225.86,222.31,223.74,28087
1734476400,223.7,223.76,221.59,223.08,30974
1734480000,223.12,225.99,221.82,224.14,30536
1734483600,224.16,225.11,218.05,218.45,34452
1734487200,218.4,220.29,217.87,218.66,32299
1734490800,218.64,219.06,217.11,217.59,28479
1734494400,217.47,217.91,215.42,217.22,40072
1734498000,217.18,218.29,215.32,215.73,34562
1734501600,215.71,216.58,213.51,215.35,32733
1734505200,215.28,216.43,214.77,215.86,17110
1734508800,215.91,216.87,215.3,215.8,13994
1734512400,215.78,217.39,215.76,216.66,16667
1734516000,216.62,217.58,215.71,217.42,13120
1734519600,217.41,218.95,217.29,217.84,13540
1734523200,217.76,218.63,216.01,216.5,22897
1734526800,216.47,217.92,215.32,215.58,21928
1734530400,215.64,217.53,214.72,215.38,29486
1734534000,215.49,218.73,214.56,217.65,37926
1734537600,217.7,217.83,215.02,216.14,19982
1734541200,216.04,217.22,213.98,216.6,24809
1734544800,216.58,217.96,215.74,217.8,11866
1734548400,217.83,218.33,211.5,211.59,58270
1734552000,211.58,212.74,205.52,207.1,322029
1734555600,207.13,210.38,205.87,208.94,33500
1734559200,208.86,209.13,206.21,206.38,26818
1734562800,206.4,207.61,204.71,206.47,38991
1734566400,206.47,208.53,206.04,208.15,36048
1734570000,208.13,208.14,202.93,203.35,34055
1734573600,203.35,205.79,199.23,205.71,167205
1734577200,205.72,209.15,205.41,208.73,44230
1734580800,208.73,209.24,207.28,207.39,16011
1734584400,207.38,209.93,207.11,209.82,15187
1734588000,209.75,211.17,208.58,210.19,22524
1734591600,210.16,212.05,209.86,211.76,16239
1734595200,211.72,211.75,208.15,208.69,21031
1734598800,208.62,210.16,207.84,209.93,13778
1734602400,209.84,211.25,209.11,210.19,11375
1734606000,210.26,210.63,209.27,210.36,8719
1734609600,210.38,210.95,207.24,207.74,18745
1734613200,207.72,209.07,206.12,207.7,32560
1734616800,207.66,210.37,206.01,206.25,31632
1734620400,206.22,206.25,202.3,205.36,60219
1734624000,205.28,206.87,203.67,206.04,32212
1734627600,206.11,206.16,194.61,196.93,176610
1734631200,196.92,197.46,190.61,194.62,203456
1734634800,194.63,196.13,186.83,191.63,159279
1734638400,191.74,194.57,187.51,193.28,117967
1734642000,193.31,197.98,192.11,194.59,63465
1734645600,194.57,197.06,193.67,196.79,35870
1734649200,196.81,196.81,193.62,193.69,34851
1734652800,193.7,196.59,191.57,195.16,44128
1734656400,195.25,196.26,193.11,194.08,31771
1734660000,194.11,199.61,193.77,198.52,42654
1734663600,198.57,198.85,196.02,196.23,17040
1734667200,196.28,197.29,194.6,194.68,23172
1734670800,194.68,195.42,192.59,192.59,21148
1734674400,192.6,194.31,188.05,189.61,52143
1734678000,189.67,194.35,189.66,191.23,52666
1734681600,191.19,191.45,179.9,181.6,215736
1734685200,181.59,185.78,178.35,182.69,148678
1734688800,182.66,184.24,176.12,182.61,231647
1734692400,182.54,184.3,174.94,175.99,142042
1734696000,175.97,185.34,175.68,183.61,102187
1734699600,183.57,188.62,182.07,188.19,92721
1734703200,188.21,189.46,186.09,188.14,57064
1734706800,188.22,191.17,187.35,189.76,59386
1734710400,189.78,192.8,188.14,190.55,47470
1734714000,190.6,192.68,189.73,191.98,18587
1734717600,191.95,192.33,189.13,190.42,20435
1734721200,190.41,193.07,190.38,191.37,19393
1734724800,191.5,191.5,188.68,189.96,22655
1734728400,190.05,190.95,187.83,190.8,22689
1734732000,190.66,192.65,190.25,192.55,13566
1734735600,192.51,194.37,192.28,194.31,33539
1734739200,194.27,194.8,192.86,193.94,15158
1734742800,194.02,196.48,193.83,195.24,17196
1734746400,195.24,195.76,193.91,194.41,12065
1734750000,194.52,194.86,193.4,194.14,13339
1734753600,194.17,196.33,194.07,196.32,11229
1734757200,196.26,199.2,196.12,199.09,23566
1734760800,199.07,199.9,197.28,199.23,43100
1734764400,199.24,201.89,198.68,198.73,39811
1734768000,198.73,198.89,196.41,196.47,34730
1734771600,196.52,196.82,194.22,195.05,18919
1734775200,195.01,195.84,193.73,194.33,20420
1734778800,194.37,194.45,192.09,192.89,29025
1734782400,192.87,193.03,186.63,187.05,58934
1734786000,187.06,188.69,183.15,185.59,66735
1734789600,185.54,187.2,184.14,184.25,34924
1734793200,184.25,187.1,184.12,186.61,25352
1734796800,186.59,187.42,183.41,183.84,37495
1734800400,183.83,184.98,181.51,183.92,43417
1734804000,183.94,185.16,180.45,182.04,38355
1734807600,182.13,182.26,178.27,181.46,83526
1734811200,181.43,183.43,179.88,181.44,64262
1734814800,181.51,182.14,178.57,180.58,30455
1734818400,180.54,181.87,179.23,181.08,21402
1734822000,180.97,181.54,178.95,181.35,27995
1734825600,181.4,183.34,179.87,181.83,31061
1734829200,181.82,183.86,180.41,182.76,22692
1734832800,182.7,183.76,181.06,181.78,16394
1734836400,181.76,183.72,180.37,182.47,22505
1734840000,182.46,183.21,179.85,179.88,22013
1734843600,179.93,180.75,177.77,180.54,40492
1734847200,180.53,183.62,179.96,183.19,28754
1734850800,183.2,184.69,182.61,184.19,16874
1734854400,184.06,185.69,183.68,184.32,30557
1734858000,184.3,186.79,183.58,185.45,24325
1734861600,185.44,186.88,185.15,185.54,28554
1734865200,185.55,186.91,185.33,186.58,13081
1734868800,186.66,187.79,185.46,185.87,18293
1734872400,185.86,186.77,184.43,184.77,20327
1734876000,184.76,185.12,179,179.07,72705
1734879600,179.13,182.37,179.02,181.68,21279
1734883200,181.76,183.34,180.38,182.85,17976
1734886800,182.87,183.17,181.11,181.53,16038
1734890400,181.51,183.94,181.07,181.79,18648
1734894000,181.85,182.18,177.73,178.4,33739
1734897600,178.44,181.06,176.77,180.86,26997
1734901200,180.87,182.33,180.02,180.57,20580
1734904800,180.55,181.47,177.55,181.36,14289
1734908400,181.32,182.18,179.74,180.45,14430
1734912000,180.45,180.53,177.62,179.06,20174
1734915600,179.02,182.04,176.33,178.25,45420
1734919200,178.23,179.96,176.56,179.68,44698
1734922800,179.74,187.35,179.18,186.16,64064
1734926400,186.17,187.63,184.68,184.68,37556
1734930000,184.67,185.31,182.98,183.94,26258
1734933600,183.89,184.37,180.61,180.68,46250
1734937200,180.69,182.76,179.81,182.16,37400
1734940800,182.16,184.45,181.65,184.33,20423
1734944400,184.29,186.48,184.16,184.77,33023
1734948000,184.83,185.74,183.95,185.2,17780
1734951600,185.23,185.55,183.38,183.48,14417
1734955200,183.52,184.95,182.76,184.29,19411
1734958800,184.26,184.47,181.16,182.45,28564
1734962400,182.46,184.98,181.1,183.73,48281
1734966000,183.69,185.69,180.65,180.86,44800
1734969600,180.8,185.71,180.68,185.06,43006
1734973200,184.9,186.07,184.06,184.53,34715
1734976800,184.53,185.93,184.21,185.12,15459
1734980400,185.01,189.55,184.92,187.34,41383
1734984000,187.33,191.69,186.63,191.13,26728
1734987600,191.18,193.36,189.64,190.04,31139
1734991200,190.01,192.56,189.59,192.38,16577
1734994800,192.38,192.61,189.7,190.03,33185
1734998400,190.04,190.25,188.37,189.83,11542
1735002000,189.83,190.32,187.43,187.58,13112
1735005600,187.64,188.34,186.06,187.76,17243
1735009200,187.82,190.03,187.77,189.88,13813
1735012800,189.85,191.09,189.2,190.82,14503
1735016400,190.85,191.76,190.43,191.68,13198
1735020000,191.68,191.83,189.93,190.12,12215
1735023600,190.22,191.47,189.44,191.35,13572
1735027200,191.44,193.37,190.91,192.71,19603
1735030800,192.73,193.87,191.16,192.41,21424
1735034400,192.4,192.89,190.56,190.62,15398
1735038000,190.67,193.17,190.47,192.87,12363
1735041600,192.9,193.25,191.19,191.45,15134
1735045200,191.59,195.76,191.16,195.34,35621
1735048800,195.37,195.67,193.8,194.35,26667
1735052400,194.41,198.93,193.97,197.69,26687
1735056000,197.74,198.56,195.49,195.57,25636
1735059600,195.56,197.23,195.28,196.67,22672
1735063200,196.63,198.53,195.78,196.4,24181
1735066800,196.39,196.58,195.02,195.15,8381
1735070400,195.18,195.43,193.25,194.43,18714
1735074000,194.4,196.9,194.36,196.67,11995
1735077600,196.62,197.59,196.12,196.94,7511
1735081200,196.87,197.91,196.55,197.01,11039
1735084800,196.96,197.53,196.27,197.31,11035
1735088400,197.38,200.22,197.32,199.06,36739
1735092000,199.08,201.71,199.06,201.45,29916
1735095600,201.46,201.66,199.4,199.76,16477
1735099200,199.76,199.96,198.62,199.25,9963
1735102800,199.34,199.67,198.31,199.2,7352
1735106400,199.27,200.48,198.54,198.65,10346
1735110000,198.69,199.68,197.61,198.06,17688
1735113600,198.04,198.98,197.32,197.79,14507
1735117200,197.76,198.59,197.28,197.94,10180
1735120800,197.98,200.51,196.33,197.32,36133
1735124400,197.21,198,194.99,195.74,28717
1735128000,195.75,196.8,194.98,196.03,23942
1735131600,196.03,197,195.84,196.89,10986
1735135200,196.89,199.31,196.79,198.77,17928
1735138800,198.8,198.86,196.86,198,20987
1735142400,198.2,198.7,195.98,197.38,13369
1735146000,197.42,198.77,196.44,198.71,12130
1735149600,198.71,199.23,197.79,198.12,11476
1735153200,198.14,199.36,198.14,199.12,7875
1735156800,199.18,200.03,197.54,197.91,10101
1735160400,197.9,198.58,195.95,196.32,9804
1735164000,196.32,197.17,195.52,196.69,9766
1735167600,196.68,197.75,196.53,197.35,6154
1735171200,197.36,199.61,196.12,196.66,24339
1735174800,196.63,198.17,196.15,196.8,19388
1735178400,196.83,198.89,195.77,197.04,17259
1735182000,197.02,197.47,195.64,196.57,12277
1735185600,196.53,196.53,194.57,195.13,21243
1735189200,195.18,195.54,194.21,194.6,15567
1735192800,194.56,195.06,193.57,194.07,11291
1735196400,194.09,194.74,193.2,193.36,15930
1735200000,193.38,193.81,188.43,189.04,52480
1735203600,189.09,190.28,188.87,189.43,19307
1735207200,189.38,189.85,188.16,188.83,18097
1735210800,188.8,190.9,188.79,189.74,18774
1735214400,189.79,190,188.64,188.92,13250
1735218000,188.93,189.3,188.02,189.05,16620
1735221600,189,190.06,187.47,188.57,28401
1735225200,188.52,189.82,187.89,188.6,10144
1735228800,188.58,190.87,188.24,190.54,15773
1735232400,190.57,190.58,187.3,188.2,19879
1735236000,188.16,189.31,187.35,189.23,13818
1735239600,189.22,189.37,187.57,189.06,13536
1735243200,189.04,189.64,187.12,188.29,18933
1735246800,188.39,189.85,186.49,189.44,23167
1735250400,189.38,189.98,188.7,188.98,7304
1735254000,188.95,189.14,187.07,188.43,16653
1735257600,188.34,189.28,187.22,189.05,15508
1735261200,188.98,189.9,188.19,188.95,11283
1735264800,188.89,190.37,187.99,188.62,17416
1735268400,188.78,189.78,188.34,189.39,9549
1735272000,189.39,190.77,189.32,189.68,17298
1735275600,189.75,190,187.83,189.14,10976
1735279200,189.17,190.88,189.17,190.85,15464
1735282800,190.87,191.11,185.65,186.57,48172
1735286400,186.58,190.37,186.55,188.88,30295
1735290000,188.91,194.39,188.8,192.98,62837
1735293600,193.01,193.38,188.82,190.91,34762
1735297200,190.87,191.39,190.04,191.24,9560
1735300800,191.23,191.38,190.39,190.65,8086
1735304400,190.79,191.01,188.92,189.31,15552
1735308000,189.25,189.46,186.18,187.33,28424
1735311600,187.37,187.39,183.24,184.02,54726
1735315200,184,184.52,182.61,184.41,25559
1735318800,184.4,186.39,183.51,186.01,27220
1735322400,186,186.99,185.53,186.9,8897
1735326000,186.9,187.24,186.08,186.79,15738
1735329600,186.82,186.89,185.17,185.93,9667
1735333200,185.96,186.15,184.59,184.59,6490
1735336800,184.63,185.81,184.01,184.79,11395
1735340400,184.71,185.05,183.06,184.18,11047
1735344000,184.17,185.48,184.05,185.1,10474
1735347600,185.13,185.93,184.22,185.24,10066
1735351200,185.22,185.64,183.76,184,8314
1735354800,183.99,185.54,183.99,184.98,7219
1735358400,184.94,185.21,184.18,184.32,6135
1735362000,184.38,186.16,184.38,185.71,11419
1735365600,185.81,186,184.95,185.49,6981
1735369200,185.6,186.24,184.79,185.13,7979
1735372800,185.06,186.28,184.91,186.19,7219
1735376400,186.21,186.77,186.01,186.13,11728
1735380000,186.17,186.4,185.46,185.67,5972
1735383600,185.7,187.28,185.7,187.13,10401
1735387200,187.07,187.59,186.39,186.71,10039
1735390800,186.67,188.36,186.67,188.16,15978
1735394400,188.12,190.08,187.9,189.71,33245
1735398000,189.73,191.18,189.69,190.1,38984
1735401600,190.13,192.53,189.53,192.51,18172
1735405200,192.54,195.12,192.49,194.72,36658
1735408800,194.7,195.21,193.41,193.6,15428
1735412400,193.63,193.99,193.45,193.65,4989
1735416000,193.67,193.97,192.58,193.15,9263
1735419600,193.18,194.32,192.77,194.3,7868
1735423200,194.33,195.96,193.9,195.06,24844
1735426800,195.25,195.42,194.17,195.35,15015
1735430400,195.37,195.57,193.62,193.83,13726
1735434000,193.83,194.36,192.32,192.44,29075
1735437600,192.49,194.22,192.35,193.64,11751
1735441200,193.64,194.82,193.18,194.63,11422
1735444800,194.67,194.76,194,194.34,8115
1735448400,194.38,195.42,193.98,195.23,11590
1735452000,195.23,196.14,194.48,196.14,24725
1735455600,196.15,197.23,195.5,195.93,21239
1735459200,195.94,196.07,194.94,195.27,9407
1735462800,195.24,196.89,194.81,196.78,19588
1735466400,196.72,197.02,196.45,196.69,12197
1735470000,196.76,197.21,195.82,196,12768
1735473600,196.15,196.59,195.76,196.02,8840
1735477200,196.03,196.39,195.04,196.21,13758
1735480800,196.21,197.59,192.84,193.85,41627
1735484400,193.82,195.85,193.17,195.06,13029
1735488000,195.13,195.37,192.58,192.81,25379
1735491600,192.86,193.56,192.05,193.24,15520
1735495200,193.25,193.53,192.2,193.16,9698
1735498800,193.17,193.52,192.65,192.65,7972
1735502400,192.64,192.72,190.6,192.25,20458
1735506000,192.2,192.49,190.21,190.69,14679
1735509600,190.68,190.79,188.97,189.38,24011
1735513200,189.46,190.3,188.47,189.88,16767
1735516800,189.87,192.85,189.01,192.15,26382
1735520400,192.14,194.33,191.44,192.99,27212
1735524000,192.98,193.44,190.57,192.25,12797
1735527600,192.27,193.19,190.96,191.3,8370
1735531200,191.27,192.42,189.75,189.75,13732
1735534800,189.71,191.35,189.52,191.09,13255
1735538400,191.11,193.65,191.08,192.88,25837
1735542000,192.87,193.01,190.71,192.28,16697
1735545600,192.28,194.05,192.28,193.2,23626
1735549200,193.18,193.67,192.15,192.86,9984
1735552800,192.89,193.92,192.57,192.57,15321
1735556400,192.6,194.07,191.46,193.48,18778
1735560000,193.43,194.72,192.8,193.28,17511
1735563600,193.33,193.74,188.57,189.01,43226
1735567200,189.03,190.32,187.2,187.68,41477
1735570800,187.73,188.89,185.91,187.25,41430
1735574400,187.25,188.2,185.84,187.28,25253
1735578000,187.23,192.58,186.98,191.47,54335
1735581600,191.49,194.75,190.87,194.46,33183
1735585200,194.48,196.16,194.22,196.08,18781
1735588800,196.12,196.35,194.7,194.74,17175
1735592400,194.72,194.82,189,189.24,46665
1735596000,189.24,191.67,189.15,191.06,26738
1735599600,191.04,191.5,189.66,191.24,10480
1735603200,191.29,191.95,189.9,189.97,19236
1735606800,190,190.35,188.28,189.08,27089
1735610400,189.09,190.72,188.71,190.23,16670
1735614000,190.2,190.67,189.44,189.83,6539
1735617600,189.77,190.69,188.34,188.8,11009
1735621200,188.81,189.49,187.92,188.47,10770
1735624800,188.48,189.73,188.1,189.07,10057
1735628400,188.99,190.04,188.99,189.98,8998
1735632000,189.98,193.68,189.91,192.03,42199
1735635600,192.02,194.13,191.49,193.24,18066
1735639200,193.22,194.84,192.96,194.17,18509
1735642800,194.26,194.5,193.61,193.71,8773
1735646400,193.75,194.5,192.94,192.94,18042
1735650000,193.06,196.25,192.99,195.71,35473
1735653600,195.82,198.33,195.66,197.28,43718
1735657200,197.28,198.61,196.39,198.24,27470
1735660800,198.3,199.08,197.38,198.84,29018
1735664400,198.8,199.12,193.99,196,48012
1735668000,196.03,196.58,194.42,194.64,14665
1735671600,194.55,195.13,193.17,193.71,25321
1735675200,193.72,194.75,193.71,193.96,14501
1735678800,193.95,194.27,192.4,193.08,19217
1735682400,193.05,193.05,190.63,191.1,18529
1735686000,191.06,191.12,189.07,189.24,25592
1735689600,189.24,192.61,189.05,192.46,27508
